yaml,run_dir,target,family,input_len,res_mode,model,base_model,rank,mean_fold_mae,mean_fold_rmse,mean_fold_nrmse,mean_fold_r2,remote,obs_count,last3_count,last3_mae,last3_rmse,last3_bias,last3_nrmse_local,last3_direction_hits,last3_values,error
bomb/brentoil-case3-family-h8-diff-exloss-i128-res-delta.yaml,bomb__brentoil-case3-family-h8-diff-exloss-i128-res-delta,brentoil,bomb,i128,delta,NHITS_res,NHITS,1,6.011280837930036,11.261610480642108,0.333624391350229,-0.0376516050792847,gdrive2:runs/colab_batch/bomb__brentoil-case3-family-h8-diff-exloss-i128-res-delta/scheduler/workers/NHITS/residual/NHITS/corrected_folds.csv,0,0,nan,nan,nan,nan,nan,[],"Command '['rclone', 'cat', 'gdrive2:runs/colab_batch/bomb__brentoil-case3-family-h8-diff-exloss-i128-res-delta/scheduler/workers/NHITS/residual/NHITS/corrected_folds.csv']' timed out after 20 seconds"
bomb/brentoil-case3-family-h8-diff-exloss-i128-res-delta.yaml,bomb__brentoil-case3-family-h8-diff-exloss-i128-res-delta,brentoil,bomb,i128,delta,NHITS,NHITS,2,6.765167393021491,12.038149245545984,0.3566292957771971,-0.1856868551774249,gdrive2:runs/colab_batch/bomb__brentoil-case3-family-h8-diff-exloss-i128-res-delta/scheduler/workers/NHITS/cv/NHITS_forecasts.csv,8,3,16.481869031478737,19.59812385401182,-16.481869031478737,0.5805929936610892,2,"[{""horizon_step"": 6, ""y"": 72.72435714, ""pred"": 69.49433464992875, ""ds"": ""2026-02-23 00:00:00""}, {""horizon_step"": 7, ""y"": 86.64365714, ""pred"": 69.61394843150013, ""ds"": ""2026-03-02 00:00:00""}, {""horizon_step"": 8, ""y"": 98.88672857, ""pred"": 69.70085267413491, ""ds"": ""2026-03-09 00:00:00""}]",
bomb/brentoil-case3-family-h8-diff-exloss-i128-res-delta.yaml,bomb__brentoil-case3-family-h8-diff-exloss-i128-res-delta,brentoil,bomb,i128,delta,PatchTST_res,PatchTST,3,7.021979514548969,12.216678093956205,0.3619181999256489,-0.2211157128477192,gdrive2:runs/colab_batch/bomb__brentoil-case3-family-h8-diff-exloss-i128-res-delta/scheduler/workers/PatchTST/residual/PatchTST/corrected_folds.csv,8,3,16.901355454812222,19.862061002020887,-16.901355454812222,0.5884121124727903,2,"[{""horizon_step"": 6, ""y"": 72.72435714, ""pred"": 68.87396509636277, ""ds"": ""2026-02-23""}, {""horizon_step"": 7, ""y"": 86.64365714, ""pred"": 69.17691579151982, ""ds"": ""2026-03-02""}, {""horizon_step"": 8, ""y"": 98.88672857, ""pred"": 69.49979559768074, ""ds"": ""2026-03-09""}]",
bomb/brentoil-case3-family-h8-diff-exloss-i128-res-delta.yaml,bomb__brentoil-case3-family-h8-diff-exloss-i128-res-delta,brentoil,bomb,i128,delta,LSTM,LSTM,4,7.532639427341726,12.63268169484825,0.3742422763431099,-0.3056947725611332,gdrive2:runs/colab_batch/bomb__brentoil-case3-family-h8-diff-exloss-i128-res-delta/scheduler/workers/LSTM/cv/LSTM_forecasts.csv,8,3,16.986392462740117,20.46855133710925,-16.986392462740117,0.6063793445353324,0,"[{""horizon_step"": 6, ""y"": 72.72435714, ""pred"": 69.8667796372258, ""ds"": ""2026-02-23 00:00:00""}, {""horizon_step"": 7, ""y"": 86.64365714, ""pred"": 69.36917908180588, ""ds"": ""2026-03-02 00:00:00""}, {""horizon_step"": 8, ""y"": 98.88672857, ""pred"": 68.05960674274796, ""ds"": ""2026-03-09 00:00:00""}]",
bomb/brentoil-case3-family-h8-diff-exloss-i128-res-delta.yaml,bomb__brentoil-case3-family-h8-diff-exloss-i128-res-delta,brentoil,bomb,i128,delta,LSTM_res,LSTM,5,7.690808708559578,12.761418767359451,0.3780561027522712,-0.3324425081281525,gdrive2:runs/colab_batch/bomb__brentoil-case3-family-h8-diff-exloss-i128-res-delta/scheduler/workers/LSTM/residual/LSTM/corrected_folds.csv,8,3,17.205744038799242,20.659765736259722,-17.205744038799242,0.6120440572017518,0,"[{""horizon_step"": 6, ""y"": 72.72435714, ""pred"": 69.6609705491512, ""ds"": ""2026-02-23""}, {""horizon_step"": 7, ""y"": 86.64365714, ""pred"": 69.16215437038885, ""ds"": ""2026-03-02""}, {""horizon_step"": 8, ""y"": 98.88672857, ""pred"": 67.81438581406222, ""ds"": ""2026-03-09""}]",
bomb/brentoil-case3-family-h8-diff-exloss-i128-res-delta.yaml,bomb__brentoil-case3-family-h8-diff-exloss-i128-res-delta,brentoil,bomb,i128,delta,PatchTST,PatchTST,6,7.745556714244392,12.92714784217689,0.3829658145390575,-0.3672753682983725,gdrive2:runs/colab_batch/bomb__brentoil-case3-family-h8-diff-exloss-i128-res-delta/scheduler/workers/PatchTST/cv/PatchTST_forecasts.csv,8,3,18.113586037844197,20.978313124902648,-18.113586037844197,0.6214810004200313,2,"[{""horizon_step"": 6, ""y"": 72.72435714, ""pred"": 67.84474362123841, ""ds"": ""2026-02-23 00:00:00""}, {""horizon_step"": 7, ""y"": 86.64365714, ""pred"": 67.96518465567463, ""ds"": ""2026-03-02 00:00:00""}, {""horizon_step"": 8, ""y"": 98.88672857, ""pred"": 68.10405645955437, ""ds"": ""2026-03-09 00:00:00""}]",
bomb/brentoil-case3-family-h8-diff-exloss-i128-res-delta.yaml,bomb__brentoil-case3-family-h8-diff-exloss-i128-res-delta,brentoil,bomb,i128,delta,TimeMixer_res,TimeMixer,7,10.554470157947597,15.388077463564796,0.4558706755713738,-0.9373999597983832,gdrive2:runs/colab_batch/bomb__brentoil-case3-family-h8-diff-exloss-i128-res-delta/scheduler/workers/TimeMixer/residual/TimeMixer/corrected_folds.csv,8,3,22.40756095957237,24.589366664742673,-22.40756095957237,0.7284581988796186,2,"[{""horizon_step"": 6, ""y"": 72.72435714, ""pred"": 62.90409762289458, ""ds"": ""2026-02-23""}, {""horizon_step"": 7, ""y"": 86.64365714, ""pred"": 63.856591975950536, ""ds"": ""2026-03-02""}, {""horizon_step"": 8, ""y"": 98.88672857, ""pred"": 64.27137037243777, ""ds"": ""2026-03-09""}]",
bomb/brentoil-case3-family-h8-diff-exloss-i128-res-delta.yaml,bomb__brentoil-case3-family-h8-diff-exloss-i128-res-delta,brentoil,bomb,i128,delta,TimeMixer,TimeMixer,8,10.695885446153786,15.560702318989552,0.4609846743570716,-0.9811116316378008,gdrive2:runs/colab_batch/bomb__brentoil-case3-family-h8-diff-exloss-i128-res-delta/scheduler/workers/TimeMixer/cv/TimeMixer_forecasts.csv,8,3,22.664408539225434,24.855639037133916,-22.664408539225434,0.7363464985437839,2,"[{""horizon_step"": 6, ""y"": 72.72435714, ""pred"": 62.73765276063317, ""ds"": ""2026-02-23 00:00:00""}, {""horizon_step"": 7, ""y"": 86.64365714, ""pred"": 63.61098520148629, ""ds"": ""2026-03-02 00:00:00""}, {""horizon_step"": 8, ""y"": 98.88672857, ""pred"": 63.91287927020424, ""ds"": ""2026-03-09 00:00:00""}]",
bomb/brentoil-case3-family-h8-diff-exloss-i128-res-delta.yaml,bomb__brentoil-case3-family-h8-diff-exloss-i128-res-delta,brentoil,bomb,i128,delta,iTransformer_res,iTransformer,9,14.43235567235222,18.85784965625793,0.5586624243981537,-1.909610777078788,gdrive2:runs/colab_batch/bomb__brentoil-case3-family-h8-diff-exloss-i128-res-delta/scheduler/workers/iTransformer/residual/iTransformer/corrected_folds.csv,8,3,27.105083123273925,29.45228745502506,-27.105083123273925,0.8725218735761556,0,"[{""horizon_step"": 6, ""y"": 72.72435714, ""pred"": 60.29166361101055, ""ds"": ""2026-02-23""}, {""horizon_step"": 7, ""y"": 86.64365714, ""pred"": 58.33982946507716, ""ds"": ""2026-03-02""}, {""horizon_step"": 8, ""y"": 98.88672857, ""pred"": 58.30800040409052, ""ds"": ""2026-03-09""}]",
bomb/brentoil-case3-family-h8-diff-exloss-i128-res-delta.yaml,bomb__brentoil-case3-family-h8-diff-exloss-i128-res-delta,brentoil,bomb,i128,delta,iTransformer,iTransformer,10,14.503094949059394,18.93366348094003,0.5609084034398704,-1.9330527006833125,gdrive2:runs/colab_batch/bomb__brentoil-case3-family-h8-diff-exloss-i128-res-delta/scheduler/workers/iTransformer/cv/iTransformer_forecasts.csv,8,3,27.224166750401036,29.564541537233193,-27.224166750401036,0.8758473925965161,0,"[{""horizon_step"": 6, ""y"": 72.72435714, ""pred"": 60.19183997500771, ""ds"": ""2026-02-23 00:00:00""}, {""horizon_step"": 7, ""y"": 86.64365714, ""pred"": 58.195500773080525, ""ds"": ""2026-03-02 00:00:00""}, {""horizon_step"": 8, ""y"": 98.88672857, ""pred"": 58.19490185070866, ""ds"": ""2026-03-09 00:00:00""}]",
bomb/brentoil-case3-family-h8-diff-exloss-i128-res-delta.yaml,bomb__brentoil-case3-family-h8-diff-exloss-i128-res-delta,brentoil,bomb,i128,delta,DLinear,DLinear,11,14.234843336276915,19.11166451082676,0.5661816710029559,-1.988460947177252,gdrive2:runs/colab_batch/bomb__brentoil-case3-family-h8-diff-exloss-i128-res-delta/scheduler/workers/DLinear/cv/DLinear_forecasts.csv,8,3,27.859438428769284,30.078106813756147,-27.859438428769284,0.8910617265581728,0,"[{""horizon_step"": 6, ""y"": 72.72435714, ""pred"": 58.802701336034474, ""ds"": ""2026-02-23 00:00:00""}, {""horizon_step"": 7, ""y"": 86.64365714, ""pred"": 58.67972551722163, ""ds"": ""2026-03-02 00:00:00""}, {""horizon_step"": 8, ""y"": 98.88672857, ""pred"": 57.19400071043604, ""ds"": ""2026-03-09 00:00:00""}]",
bomb/brentoil-case3-family-h8-diff-exloss-i128-res-delta.yaml,bomb__brentoil-case3-family-h8-diff-exloss-i128-res-delta,brentoil,bomb,i128,delta,DLinear_res,DLinear,12,14.283860013352912,19.13894156147008,0.5669897516442061,-1.996997573858012,gdrive2:runs/colab_batch/bomb__brentoil-case3-family-h8-diff-exloss-i128-res-delta/scheduler/workers/DLinear/residual/DLinear/corrected_folds.csv,8,3,27.894553466503595,30.102829855754557,-27.894553466503595,0.8917941448790891,0,"[{""horizon_step"": 6, ""y"": 72.72435714, ""pred"": 58.737407465168175, ""ds"": ""2026-02-23""}, {""horizon_step"": 7, ""y"": 86.64365714, ""pred"": 58.65425912726754, ""ds"": ""2026-03-02""}, {""horizon_step"": 8, ""y"": 98.88672857, ""pred"": 57.1794158580535, ""ds"": ""2026-03-09""}]",
bomb/wti-case3-family-h8-diff-exloss-i128-res-delta.yaml,bomb__wti-case3-family-h8-diff-exloss-i128-res-delta,wti,bomb,i128,delta,LSTM,LSTM,1,4.894848908597602,6.695792337043963,0.1983476708042163,0.6369790630998378,gdrive2:runs/colab_batch/bomb__wti-case3-family-h8-diff-exloss-i128-res-delta/scheduler/workers/LSTM/cv/LSTM_forecasts.csv,8,3,9.232282131867828,10.187381024649747,-4.986681639199678,0.3017780713800356,2,"[{""horizon_step"": 6, ""y"": 67.07227143, ""pred"": 73.44067216900223, ""ds"": ""2026-02-23 00:00:00""}, {""horizon_step"": 7, ""y"": 82.27782857, ""pred"": 76.26873041180008, ""ds"": ""2026-03-02 00:00:00""}, {""horizon_step"": 8, ""y"": 94.20584286, ""pred"": 78.88649536159866, ""ds"": ""2026-03-09 00:00:00""}]",
bomb/wti-case3-family-h8-diff-exloss-i128-res-delta.yaml,bomb__wti-case3-family-h8-diff-exloss-i128-res-delta,wti,bomb,i128,delta,LSTM_res,LSTM,2,4.893246164845301,6.704519847969827,0.1986062035329699,0.6360321000384181,gdrive2:runs/colab_batch/bomb__wti-case3-family-h8-diff-exloss-i128-res-delta/scheduler/workers/LSTM/residual/LSTM/corrected_folds.csv,8,3,9.25003442070854,10.21177554151713,-5.027116555703405,0.30250070364780623,2,"[{""horizon_step"": 6, ""y"": 67.07227143, ""pred"": 73.4066482275077, ""ds"": ""2026-02-23""}, {""horizon_step"": 7, ""y"": 82.27782857, ""pred"": 76.22829549529635, ""ds"": ""2026-03-02""}, {""horizon_step"": 8, ""y"": 94.20584286, ""pred"": 78.83964947008573, ""ds"": ""2026-03-09""}]",
bomb/wti-case3-family-h8-diff-exloss-i128-res-delta.yaml,bomb__wti-case3-family-h8-diff-exloss-i128-res-delta,wti,bomb,i128,delta,NHITS_res,NHITS,3,8.930142962601659,13.331068024426497,0.3949026730337501,-0.4389894512651151,gdrive2:runs/colab_batch/bomb__wti-case3-family-h8-diff-exloss-i128-res-delta/scheduler/workers/NHITS/residual/NHITS/corrected_folds.csv,8,3,19.170619362637623,21.361745611819494,-19.170619362637623,0.632793293629406,2,"[{""horizon_step"": 6, ""y"": 67.07227143, ""pred"": 59.94655902174347, ""ds"": ""2026-02-23""}, {""horizon_step"": 7, ""y"": 82.27782857, ""pred"": 62.02514595774048, ""ds"": ""2026-03-02""}, {""horizon_step"": 8, ""y"": 94.20584286, ""pred"": 64.07237979260319, ""ds"": ""2026-03-09""}]",
bomb/wti-case3-family-h8-diff-exloss-i128-res-delta.yaml,bomb__wti-case3-family-h8-diff-exloss-i128-res-delta,wti,bomb,i128,delta,TimeMixer_res,TimeMixer,4,9.012822170969722,15.06314679286213,0.4462115804901475,-0.8372114273987283,gdrive2:runs/colab_batch/bomb__wti-case3-family-h8-diff-exloss-i128-res-delta/scheduler/workers/TimeMixer/residual/TimeMixer/corrected_folds.csv,8,3,21.143837460920437,24.46647651721192,-21.143837460920437,0.7247639092877646,0,"[{""horizon_step"": 6, ""y"": 67.07227143, ""pred"": 61.43826910343998, ""ds"": ""2026-02-23""}, {""horizon_step"": 7, ""y"": 82.27782857, ""pred"": 60.22769942370289, ""ds"": ""2026-03-02""}, {""horizon_step"": 8, ""y"": 94.20584286, ""pred"": 58.458461950095824, ""ds"": ""2026-03-09""}]",
bomb/wti-case3-family-h8-diff-exloss-i128-res-delta.yaml,bomb__wti-case3-family-h8-diff-exloss-i128-res-delta,wti,bomb,i128,delta,TimeMixer,TimeMixer,5,9.296145112481591,15.36889850689684,0.4552687819788595,-0.9125517999406813,gdrive2:runs/colab_batch/bomb__wti-case3-family-h8-diff-exloss-i128-res-delta/scheduler/workers/TimeMixer/cv/TimeMixer_forecasts.csv,8,3,21.6317764759513,24.94290587040704,-21.6317764759513,0.7388770489659778,0,"[{""horizon_step"": 6, ""y"": 67.07227143, ""pred"": 61.07131227341526, ""ds"": ""2026-02-23 00:00:00""}, {""horizon_step"": 7, ""y"": 82.27782857, ""pred"": 59.764643872650794, ""ds"": ""2026-03-02 00:00:00""}, {""horizon_step"": 8, ""y"": 94.20584286, ""pred"": 57.824657286080054, ""ds"": ""2026-03-09 00:00:00""}]",
bomb/wti-case3-family-h8-diff-exloss-i128-res-delta.yaml,bomb__wti-case3-family-h8-diff-exloss-i128-res-delta,wti,bomb,i128,delta,PatchTST_res,PatchTST,6,9.669754804416703,15.484272748564775,0.4586864823724386,-0.9413746146996412,gdrive2:runs/colab_batch/bomb__wti-case3-family-h8-diff-exloss-i128-res-delta/scheduler/workers/PatchTST/residual/PatchTST/corrected_folds.csv,8,3,22.45928538744174,25.103530042971087,-22.45928538744174,0.7436351759954966,1,"[{""horizon_step"": 6, ""y"": 67.07227143, ""pred"": 59.290377626689605, ""ds"": ""2026-02-23""}, {""horizon_step"": 7, ""y"": 82.27782857, ""pred"": 57.683904747041396, ""ds"": ""2026-03-02""}, {""horizon_step"": 8, ""y"": 94.20584286, ""pred"": 59.203804323943785, ""ds"": ""2026-03-09""}]",
bomb/wti-case3-family-h8-diff-exloss-i128-res-delta.yaml,bomb__wti-case3-family-h8-diff-exloss-i128-res-delta,wti,bomb,i128,delta,PatchTST,PatchTST,7,10.905202473741648,17.040552028561937,0.5047877284640365,-1.3512296001611364,gdrive2:runs/colab_batch/bomb__wti-case3-family-h8-diff-exloss-i128-res-delta/scheduler/workers/PatchTST/cv/PatchTST_forecasts.csv,8,3,24.980627118592682,27.519482415944186,-24.980627118592682,0.8152022888675616,1,"[{""horizon_step"": 6, ""y"": 67.07227143, ""pred"": 57.167330632480315, ""ds"": ""2026-02-23 00:00:00""}, {""horizon_step"": 7, ""y"": 82.27782857, ""pred"": 55.18872595814102, ""ds"": ""2026-03-02 00:00:00""}, {""horizon_step"": 8, ""y"": 94.20584286, ""pred"": 56.258004913600615, ""ds"": ""2026-03-09 00:00:00""}]",
bomb/wti-case3-family-h8-diff-exloss-i128-res-delta.yaml,bomb__wti-case3-family-h8-diff-exloss-i128-res-delta,wti,bomb,i128,delta,NHITS,NHITS,8,14.900589666289632,20.001077466357835,0.5924865840116819,-2.239175695389128,gdrive2:runs/colab_batch/bomb__wti-case3-family-h8-diff-exloss-i128-res-delta/scheduler/workers/NHITS/cv/NHITS_forecasts.csv,8,3,29.199257248684987,31.213804751988736,-29.199257248684987,0.9246382142472195,2,"[{""horizon_step"": 6, ""y"": 67.07227143, ""pred"": 51.89754290369385, ""ds"": ""2026-02-23 00:00:00""}, {""horizon_step"": 7, ""y"": 82.27782857, ""pred"": 51.98592860487335, ""ds"": ""2026-03-02 00:00:00""}, {""horizon_step"": 8, ""y"": 94.20584286, ""pred"": 52.074699605377845, ""ds"": ""2026-03-09 00:00:00""}]",
bomb/wti-case3-family-h8-diff-exloss-i128-res-delta.yaml,bomb__wti-case3-family-h8-diff-exloss-i128-res-delta,wti,bomb,i128,delta,DLinear_res,DLinear,9,16.61687408849353,21.32107500151969,0.6315885189863032,-2.6808313318554746,gdrive2:runs/colab_batch/bomb__wti-case3-family-h8-diff-exloss-i128-res-delta/scheduler/workers/DLinear/residual/DLinear/corrected_folds.csv,8,3,31.05081047519567,32.82987903277607,-31.05081047519567,0.9725107517014321,1,"[{""horizon_step"": 6, ""y"": 67.07227143, ""pred"": 48.45767120507591, ""ds"": ""2026-02-23""}, {""horizon_step"": 7, ""y"": 82.27782857, ""pred"": 52.3898136713826, ""ds"": ""2026-03-02""}, {""horizon_step"": 8, ""y"": 94.20584286, ""pred"": 49.55602655795448, ""ds"": ""2026-03-09""}]",
bomb/wti-case3-family-h8-diff-exloss-i128-res-delta.yaml,bomb__wti-case3-family-h8-diff-exloss-i128-res-delta,wti,bomb,i128,delta,DLinear,DLinear,10,17.18779466390366,21.985685479850662,0.6512760979513376,-2.91388213470729,gdrive2:runs/colab_batch/bomb__wti-case3-family-h8-diff-exloss-i128-res-delta/scheduler/workers/DLinear/cv/DLinear_forecasts.csv,8,3,32.03081432883464,33.83701716262296,-32.03081432883464,1.0023449359439853,1,"[{""horizon_step"": 6, ""y"": 67.07227143, ""pred"": 47.77328963068359, ""ds"": ""2026-02-23 00:00:00""}, {""horizon_step"": 7, ""y"": 82.27782857, ""pred"": 51.423068950446776, ""ds"": ""2026-03-02 00:00:00""}, {""horizon_step"": 8, ""y"": 94.20584286, ""pred"": 48.26714129236572, ""ds"": ""2026-03-09 00:00:00""}]",
bomb/wti-case3-family-h8-diff-exloss-i128-res-delta.yaml,bomb__wti-case3-family-h8-diff-exloss-i128-res-delta,wti,bomb,i128,delta,iTransformer,iTransformer,11,,,,1.0,gdrive2:runs/colab_batch/bomb__wti-case3-family-h8-diff-exloss-i128-res-delta/scheduler/workers/iTransformer/cv/iTransformer_forecasts.csv,0,0,nan,nan,nan,nan,0,[],
bomb/wti-case3-family-h8-diff-exloss-i128-res-delta.yaml,bomb__wti-case3-family-h8-diff-exloss-i128-res-delta,wti,bomb,i128,delta,iTransformer_res,iTransformer,12,,,,1.0,gdrive2:runs/colab_batch/bomb__wti-case3-family-h8-diff-exloss-i128-res-delta/scheduler/workers/iTransformer/residual/iTransformer/corrected_folds.csv,0,0,nan,nan,nan,nan,0,[],
bomb/brentoil-case3-family-h8-diff-exloss-i128-res-level.yaml,bomb__brentoil-case3-family-h8-diff-exloss-i128-res-level,brentoil,bomb,i128,level,NHITS_res,NHITS,1,6.301326535172057,11.549471802456823,0.3421522620707435,-0.0913770183623647,gdrive2:runs/colab_batch/bomb__brentoil-case3-family-h8-diff-exloss-i128-res-level/scheduler/workers/NHITS/residual/NHITS/corrected_folds.csv,8,3,15.695512443274035,18.825474601619796,-15.695512443274035,0.557703315759372,2,"[{""horizon_step"": 6, ""y"": 72.72435714, ""pred"": 69.97516335237854, ""ds"": ""2026-02-23""}, {""horizon_step"": 7, ""y"": 86.64365714, ""pred"": 70.50563206959599, ""ds"": ""2026-03-02""}, {""horizon_step"": 8, ""y"": 98.88672857, ""pred"": 70.68741009820336, ""ds"": ""2026-03-09""}]",
bomb/brentoil-case3-family-h8-diff-exloss-i128-res-level.yaml,bomb__brentoil-case3-family-h8-diff-exloss-i128-res-level,brentoil,bomb,i128,level,NHITS,NHITS,2,6.765167393021491,12.038149245545984,0.3566292957771971,-0.1856868551774249,gdrive2:runs/colab_batch/bomb__brentoil-case3-family-h8-diff-exloss-i128-res-level/scheduler/workers/NHITS/cv/NHITS_forecasts.csv,8,3,16.481869031478737,19.59812385401182,-16.481869031478737,0.5805929936610892,2,"[{""horizon_step"": 6, ""y"": 72.72435714, ""pred"": 69.49433464992875, ""ds"": ""2026-02-23 00:00:00""}, {""horizon_step"": 7, ""y"": 86.64365714, ""pred"": 69.61394843150013, ""ds"": ""2026-03-02 00:00:00""}, {""horizon_step"": 8, ""y"": 98.88672857, ""pred"": 69.70085267413491, ""ds"": ""2026-03-09 00:00:00""}]",
bomb/brentoil-case3-family-h8-diff-exloss-i128-res-level.yaml,bomb__brentoil-case3-family-h8-diff-exloss-i128-res-level,brentoil,bomb,i128,level,LSTM,LSTM,3,7.532639427341726,12.63268169484825,0.3742422763431099,-0.3056947725611332,gdrive2:runs/colab_batch/bomb__brentoil-case3-family-h8-diff-exloss-i128-res-level/scheduler/workers/LSTM/cv/LSTM_forecasts.csv,8,3,16.986392462740117,20.46855133710925,-16.986392462740117,0.6063793445353324,0,"[{""horizon_step"": 6, ""y"": 72.72435714, ""pred"": 69.8667796372258, ""ds"": ""2026-02-23 00:00:00""}, {""horizon_step"": 7, ""y"": 86.64365714, ""pred"": 69.36917908180588, ""ds"": ""2026-03-02 00:00:00""}, {""horizon_step"": 8, ""y"": 98.88672857, ""pred"": 68.05960674274796, ""ds"": ""2026-03-09 00:00:00""}]",
bomb/brentoil-case3-family-h8-diff-exloss-i128-res-level.yaml,bomb__brentoil-case3-family-h8-diff-exloss-i128-res-level,brentoil,bomb,i128,level,PatchTST_res,PatchTST,4,7.324911182977464,12.65815501758009,0.3749969216761807,-0.3109658494845766,gdrive2:runs/colab_batch/bomb__brentoil-case3-family-h8-diff-exloss-i128-res-level/scheduler/workers/PatchTST/residual/PatchTST/corrected_folds.csv,8,3,17.65220909266648,20.57837908256922,-17.65220909266648,0.6096329835060137,2,"[{""horizon_step"": 6, ""y"": 72.72435714, ""pred"": 68.30004287947052, ""ds"": ""2026-02-23""}, {""horizon_step"": 7, ""y"": 86.64365714, ""pred"": 68.4248883693301, ""ds"": ""2026-03-02""}, {""horizon_step"": 8, ""y"": 98.88672857, ""pred"": 68.57318432319992, ""ds"": ""2026-03-09""}]",
bomb/brentoil-case3-family-h8-diff-exloss-i128-res-level.yaml,bomb__brentoil-case3-family-h8-diff-exloss-i128-res-level,brentoil,bomb,i128,level,LSTM_res,LSTM,5,7.883159088202026,12.847939638490235,0.3806192772662287,-0.3505713533144714,gdrive2:runs/colab_batch/bomb__brentoil-case3-family-h8-diff-exloss-i128-res-level/scheduler/workers/LSTM/residual/LSTM/corrected_folds.csv,8,3,17.337109371512906,20.765767767585267,-17.337109371512906,0.6151843596694728,0,"[{""horizon_step"": 6, ""y"": 72.72435714, ""pred"": 69.52388246048325, ""ds"": ""2026-02-23""}, {""horizon_step"": 7, ""y"": 86.64365714, ""pred"": 69.02640352834099, ""ds"": ""2026-03-02""}, {""horizon_step"": 8, ""y"": 98.88672857, ""pred"": 67.69312874663704, ""ds"": ""2026-03-09""}]",
bomb/brentoil-case3-family-h8-diff-exloss-i128-res-level.yaml,bomb__brentoil-case3-family-h8-diff-exloss-i128-res-level,brentoil,bomb,i128,level,PatchTST,PatchTST,6,7.745556714244392,12.92714784217689,0.3829658145390575,-0.3672753682983725,gdrive2:runs/colab_batch/bomb__brentoil-case3-family-h8-diff-exloss-i128-res-level/scheduler/workers/PatchTST/cv/PatchTST_forecasts.csv,0,0,nan,nan,nan,nan,nan,[],"Command '['rclone', 'cat', 'gdrive2:runs/colab_batch/bomb__brentoil-case3-family-h8-diff-exloss-i128-res-level/scheduler/workers/PatchTST/cv/PatchTST_forecasts.csv']' timed out after 20 seconds"
bomb/brentoil-case3-family-h8-diff-exloss-i128-res-level.yaml,bomb__brentoil-case3-family-h8-diff-exloss-i128-res-level,brentoil,bomb,i128,level,TimeMixer_res,TimeMixer,7,10.836053757228164,15.514264149369248,0.4596089469598557,-0.9693047197877688,gdrive2:runs/colab_batch/bomb__brentoil-case3-family-h8-diff-exloss-i128-res-level/scheduler/workers/TimeMixer/residual/TimeMixer/corrected_folds.csv,8,3,22.56183177182056,24.71094629187479,-22.56183177182056,0.7320599864900375,2,"[{""horizon_step"": 6, ""y"": 72.72435714, ""pred"": 62.65328597713345, ""ds"": ""2026-02-23""}, {""horizon_step"": 7, ""y"": 86.64365714, ""pred"": 63.784351852425274, ""ds"": ""2026-03-02""}, {""horizon_step"": 8, ""y"": 98.88672857, ""pred"": 64.1316097049796, ""ds"": ""2026-03-09""}]",
bomb/brentoil-case3-family-h8-diff-exloss-i128-res-level.yaml,bomb__brentoil-case3-family-h8-diff-exloss-i128-res-level,brentoil,bomb,i128,level,TimeMixer,TimeMixer,8,10.695885446153786,15.560702318989552,0.4609846743570716,-0.9811116316378008,gdrive2:runs/colab_batch/bomb__brentoil-case3-family-h8-diff-exloss-i128-res-level/scheduler/workers/TimeMixer/cv/TimeMixer_forecasts.csv,8,3,22.664408539225434,24.855639037133916,-22.664408539225434,0.7363464985437839,2,"[{""horizon_step"": 6, ""y"": 72.72435714, ""pred"": 62.73765276063317, ""ds"": ""2026-02-23 00:00:00""}, {""horizon_step"": 7, ""y"": 86.64365714, ""pred"": 63.61098520148629, ""ds"": ""2026-03-02 00:00:00""}, {""horizon_step"": 8, ""y"": 98.88672857, ""pred"": 63.91287927020424, ""ds"": ""2026-03-09 00:00:00""}]",
bomb/brentoil-case3-family-h8-diff-exloss-i128-res-level.yaml,bomb__brentoil-case3-family-h8-diff-exloss-i128-res-level,brentoil,bomb,i128,level,iTransformer,iTransformer,9,14.503094949059394,18.93366348094003,0.5609084034398704,-1.9330527006833125,gdrive2:runs/colab_batch/bomb__brentoil-case3-family-h8-diff-exloss-i128-res-level/scheduler/workers/iTransformer/cv/iTransformer_forecasts.csv,8,3,27.224166750401036,29.564541537233193,-27.224166750401036,0.8758473925965161,0,"[{""horizon_step"": 6, ""y"": 72.72435714, ""pred"": 60.19183997500771, ""ds"": ""2026-02-23 00:00:00""}, {""horizon_step"": 7, ""y"": 86.64365714, ""pred"": 58.195500773080525, ""ds"": ""2026-03-02 00:00:00""}, {""horizon_step"": 8, ""y"": 98.88672857, ""pred"": 58.19490185070866, ""ds"": ""2026-03-09 00:00:00""}]",
bomb/brentoil-case3-family-h8-diff-exloss-i128-res-level.yaml,bomb__brentoil-case3-family-h8-diff-exloss-i128-res-level,brentoil,bomb,i128,level,iTransformer_res,iTransformer,10,14.74516202346256,19.107510685874438,0.5660586142408811,-1.987162034187909,gdrive2:runs/colab_batch/bomb__brentoil-case3-family-h8-diff-exloss-i128-res-level/scheduler/workers/iTransformer/residual/iTransformer/corrected_folds.csv,8,3,27.43972894001978,29.760869539053296,-27.43972894001978,0.8816635953700739,1,"[{""horizon_step"": 6, ""y"": 72.72435714, ""pred"": 59.97743566025132, ""ds"": ""2026-02-23""}, {""horizon_step"": 7, ""y"": 86.64365714, ""pred"": 57.96055681694382, ""ds"": ""2026-03-02""}, {""horizon_step"": 8, ""y"": 98.88672857, ""pred"": 57.99756355274552, ""ds"": ""2026-03-09""}]",
bomb/brentoil-case3-family-h8-diff-exloss-i128-res-level.yaml,bomb__brentoil-case3-family-h8-diff-exloss-i128-res-level,brentoil,bomb,i128,level,DLinear,DLinear,11,14.234843336276915,19.11166451082676,0.5661816710029559,-1.988460947177252,gdrive2:runs/colab_batch/bomb__brentoil-case3-family-h8-diff-exloss-i128-res-level/scheduler/workers/DLinear/cv/DLinear_forecasts.csv,8,3,27.859438428769284,30.078106813756147,-27.859438428769284,0.8910617265581728,0,"[{""horizon_step"": 6, ""y"": 72.72435714, ""pred"": 58.802701336034474, ""ds"": ""2026-02-23 00:00:00""}, {""horizon_step"": 7, ""y"": 86.64365714, ""pred"": 58.67972551722163, ""ds"": ""2026-03-02 00:00:00""}, {""horizon_step"": 8, ""y"": 98.88672857, ""pred"": 57.19400071043604, ""ds"": ""2026-03-09 00:00:00""}]",
bomb/brentoil-case3-family-h8-diff-exloss-i128-res-level.yaml,bomb__brentoil-case3-family-h8-diff-exloss-i128-res-level,brentoil,bomb,i128,level,DLinear_res,DLinear,12,14.345424903322217,19.139237809613917,0.5669985279739189,-1.9970903545206165,gdrive2:runs/colab_batch/bomb__brentoil-case3-family-h8-diff-exloss-i128-res-level/scheduler/workers/DLinear/residual/DLinear/corrected_folds.csv,8,3,27.85987280631043,30.06624589471496,-27.85987280631043,0.8907103476943085,0,"[{""horizon_step"": 6, ""y"": 72.72435714, ""pred"": 58.74097751516932, ""ds"": ""2026-02-23""}, {""horizon_step"": 7, ""y"": 86.64365714, ""pred"": 58.722466335334715, ""ds"": ""2026-03-02""}, {""horizon_step"": 8, ""y"": 98.88672857, ""pred"": 57.211680580564675, ""ds"": ""2026-03-09""}]",
bomb/wti-case3-family-h8-diff-exloss-i128-res-level.yaml,bomb__wti-case3-family-h8-diff-exloss-i128-res-level,wti,bomb,i128,level,LSTM_res,LSTM,1,4.894094822762533,6.692836344461216,0.198260106224225,0.63729951817815,gdrive2:runs/colab_batch/bomb__wti-case3-family-h8-diff-exloss-i128-res-level/scheduler/workers/LSTM/residual/LSTM/corrected_folds.csv,8,3,9.229249768537505,10.182931125917712,-4.9775845492087045,0.30164625321657035,2,"[{""horizon_step"": 6, ""y"": 67.07227143, ""pred"": 73.4497692589932, ""ds"": ""2026-02-23""}, {""horizon_step"": 7, ""y"": 82.27782857, ""pred"": 76.27782750179105, ""ds"": ""2026-03-02""}, {""horizon_step"": 8, ""y"": 94.20584286, ""pred"": 78.89559245158964, ""ds"": ""2026-03-09""}]",
bomb/wti-case3-family-h8-diff-exloss-i128-res-level.yaml,bomb__wti-case3-family-h8-diff-exloss-i128-res-level,wti,bomb,i128,level,LSTM,LSTM,2,4.894848908597602,6.695792337043963,0.1983476708042163,0.6369790630998378,gdrive2:runs/colab_batch/bomb__wti-case3-family-h8-diff-exloss-i128-res-level/scheduler/workers/LSTM/cv/LSTM_forecasts.csv,8,3,9.232282131867828,10.187381024649747,-4.986681639199678,0.3017780713800356,2,"[{""horizon_step"": 6, ""y"": 67.07227143, ""pred"": 73.44067216900223, ""ds"": ""2026-02-23 00:00:00""}, {""horizon_step"": 7, ""y"": 82.27782857, ""pred"": 76.26873041180008, ""ds"": ""2026-03-02 00:00:00""}, {""horizon_step"": 8, ""y"": 94.20584286, ""pred"": 78.88649536159866, ""ds"": ""2026-03-09 00:00:00""}]",
bomb/wti-case3-family-h8-diff-exloss-i128-res-level.yaml,bomb__wti-case3-family-h8-diff-exloss-i128-res-level,wti,bomb,i128,level,TimeMixer_res,TimeMixer,3,9.688001125347492,15.332860039948203,0.4542012240829747,-0.9035928464653382,gdrive2:runs/colab_batch/bomb__wti-case3-family-h8-diff-exloss-i128-res-level/scheduler/workers/TimeMixer/residual/TimeMixer/corrected_folds.csv,8,3,21.872863008623543,24.791930830960403,-21.872863008623543,0.73440475563362,0,"[{""horizon_step"": 6, ""y"": 67.07227143, ""pred"": 59.843079442652396, ""ds"": ""2026-02-23""}, {""horizon_step"": 7, ""y"": 82.27782857, ""pred"": 59.678486103686026, ""ds"": ""2026-03-02""}, {""horizon_step"": 8, ""y"": 94.20584286, ""pred"": 58.415788287790946, ""ds"": ""2026-03-09""}]",
bomb/wti-case3-family-h8-diff-exloss-i128-res-level.yaml,bomb__wti-case3-family-h8-diff-exloss-i128-res-level,wti,bomb,i128,level,PatchTST_res,PatchTST,4,10.081553486480525,16.115884142552385,0.4773965382619786,-1.1029841256389372,gdrive2:runs/colab_batch/bomb__wti-case3-family-h8-diff-exloss-i128-res-level/scheduler/workers/PatchTST/residual/PatchTST/corrected_folds.csv,0,0,nan,nan,nan,nan,nan,[],rc=-15
bomb/wti-case3-family-h8-diff-exloss-i128-res-level.yaml,bomb__wti-case3-family-h8-diff-exloss-i128-res-level,wti,bomb,i128,level,TimeMixer,TimeMixer,5,10.66233603372926,16.30050800713816,0.4828656017681547,-1.1514437715235837,gdrive2:runs/colab_batch/bomb__wti-case3-family-h8-diff-exloss-i128-res-level/scheduler/workers/TimeMixer/cv/TimeMixer_forecasts.csv,0,0,nan,nan,nan,nan,nan,[],"Command '['rclone', 'cat', 'gdrive2:runs/colab_batch/bomb__wti-case3-family-h8-diff-exloss-i128-res-level/scheduler/workers/TimeMixer/cv/TimeMixer_forecasts.csv']' timed out after 20 seconds"
bomb/wti-case3-family-h8-diff-exloss-i128-res-level.yaml,bomb__wti-case3-family-h8-diff-exloss-i128-res-level,wti,bomb,i128,level,NHITS_res,NHITS,6,11.471717112925528,16.607884634998243,0.4919709376457931,-1.2333477943870816,gdrive2:runs/colab_batch/bomb__wti-case3-family-h8-diff-exloss-i128-res-level/scheduler/workers/NHITS/residual/NHITS/corrected_folds.csv,8,3,24.1146749198886,26.41684594366189,-24.1146749198886,0.7825391826940024,2,"[{""horizon_step"": 6, ""y"": 67.07227143, ""pred"": 56.59364599970215, ""ds"": ""2026-02-23""}, {""horizon_step"": 7, ""y"": 82.27782857, ""pred"": 57.26475055006378, ""ds"": ""2026-03-02""}, {""horizon_step"": 8, ""y"": 94.20584286, ""pred"": 57.353521550568274, ""ds"": ""2026-03-09""}]",
bomb/wti-case3-family-h8-diff-exloss-i128-res-level.yaml,bomb__wti-case3-family-h8-diff-exloss-i128-res-level,wti,bomb,i128,level,PatchTST,PatchTST,7,10.905202473741648,17.040552028561937,0.5047877284640365,-1.3512296001611364,gdrive2:runs/colab_batch/bomb__wti-case3-family-h8-diff-exloss-i128-res-level/scheduler/workers/PatchTST/cv/PatchTST_forecasts.csv,8,3,24.980627118592682,27.519482415944186,-24.980627118592682,0.8152022888675616,1,"[{""horizon_step"": 6, ""y"": 67.07227143, ""pred"": 57.167330632480315, ""ds"": ""2026-02-23 00:00:00""}, {""horizon_step"": 7, ""y"": 82.27782857, ""pred"": 55.18872595814102, ""ds"": ""2026-03-02 00:00:00""}, {""horizon_step"": 8, ""y"": 94.20584286, ""pred"": 56.258004913600615, ""ds"": ""2026-03-09 00:00:00""}]",
bomb/wti-case3-family-h8-diff-exloss-i128-res-level.yaml,bomb__wti-case3-family-h8-diff-exloss-i128-res-level,wti,bomb,i128,level,NHITS,NHITS,8,14.900589666289632,20.001077466357835,0.5924865840116819,-2.239175695389128,gdrive2:runs/colab_batch/bomb__wti-case3-family-h8-diff-exloss-i128-res-level/scheduler/workers/NHITS/cv/NHITS_forecasts.csv,8,3,29.199257248684987,31.213804751988736,-29.199257248684987,0.9246382142472195,2,"[{""horizon_step"": 6, ""y"": 67.07227143, ""pred"": 51.89754290369385, ""ds"": ""2026-02-23 00:00:00""}, {""horizon_step"": 7, ""y"": 82.27782857, ""pred"": 51.98592860487335, ""ds"": ""2026-03-02 00:00:00""}, {""horizon_step"": 8, ""y"": 94.20584286, ""pred"": 52.074699605377845, ""ds"": ""2026-03-09 00:00:00""}]",
bomb/wti-case3-family-h8-diff-exloss-i128-res-level.yaml,bomb__wti-case3-family-h8-diff-exloss-i128-res-level,wti,bomb,i128,level,DLinear_res,DLinear,9,17.01699264622981,21.813842829652803,0.6461856489505525,-2.852938533056432,gdrive2:runs/colab_batch/bomb__wti-case3-family-h8-diff-exloss-i128-res-level/scheduler/workers/DLinear/residual/DLinear/corrected_folds.csv,8,3,31.7929059605253,33.59778851724656,-31.7929059605253,0.9952583295781425,1,"[{""horizon_step"": 6, ""y"": 67.07227143, ""pred"": 47.94797172633045, ""ds"": ""2026-02-23""}, {""horizon_step"": 7, ""y"": 82.27782857, ""pred"": 51.67814214018219, ""ds"": ""2026-03-02""}, {""horizon_step"": 8, ""y"": 94.20584286, ""pred"": 48.55111111191147, ""ds"": ""2026-03-09""}]",
bomb/wti-case3-family-h8-diff-exloss-i128-res-level.yaml,bomb__wti-case3-family-h8-diff-exloss-i128-res-level,wti,bomb,i128,level,DLinear,DLinear,10,17.18779466390366,21.985685479850662,0.6512760979513376,-2.91388213470729,gdrive2:runs/colab_batch/bomb__wti-case3-family-h8-diff-exloss-i128-res-level/scheduler/workers/DLinear/cv/DLinear_forecasts.csv,8,3,32.03081432883464,33.83701716262296,-32.03081432883464,1.0023449359439853,1,"[{""horizon_step"": 6, ""y"": 67.07227143, ""pred"": 47.77328963068359, ""ds"": ""2026-02-23 00:00:00""}, {""horizon_step"": 7, ""y"": 82.27782857, ""pred"": 51.423068950446776, ""ds"": ""2026-03-02 00:00:00""}, {""horizon_step"": 8, ""y"": 94.20584286, ""pred"": 48.26714129236572, ""ds"": ""2026-03-09 00:00:00""}]",
bomb/wti-case3-family-h8-diff-exloss-i128-res-level.yaml,bomb__wti-case3-family-h8-diff-exloss-i128-res-level,wti,bomb,i128,level,iTransformer,iTransformer,11,,,,1.0,gdrive2:runs/colab_batch/bomb__wti-case3-family-h8-diff-exloss-i128-res-level/scheduler/workers/iTransformer/cv/iTransformer_forecasts.csv,0,0,nan,nan,nan,nan,nan,[],"Command '['rclone', 'cat', 'gdrive2:runs/colab_batch/bomb__wti-case3-family-h8-diff-exloss-i128-res-level/scheduler/workers/iTransformer/cv/iTransformer_forecasts.csv']' timed out after 20 seconds"
bomb/wti-case3-family-h8-diff-exloss-i128-res-level.yaml,bomb__wti-case3-family-h8-diff-exloss-i128-res-level,wti,bomb,i128,level,iTransformer_res,iTransformer,12,,,,1.0,gdrive2:runs/colab_batch/bomb__wti-case3-family-h8-diff-exloss-i128-res-level/scheduler/workers/iTransformer/residual/iTransformer/corrected_folds.csv,0,0,nan,nan,nan,nan,0,[],
bomb/brentoil-case3-family-h8-diff-exloss-i128.yaml,bomb__brentoil-case3-family-h8-diff-exloss-i128,brentoil,bomb,i128,none,NHITS,NHITS,1,6.765167393021491,12.038149245545984,0.3566292957771971,-0.1856868551774249,gdrive2:runs/colab_batch/bomb__brentoil-case3-family-h8-diff-exloss-i128/scheduler/workers/NHITS/cv/NHITS_forecasts.csv,8,3,16.481869031478737,19.59812385401182,-16.481869031478737,0.5805929936610892,2,"[{""horizon_step"": 6, ""y"": 72.72435714, ""pred"": 69.49433464992875, ""ds"": ""2026-02-23 00:00:00""}, {""horizon_step"": 7, ""y"": 86.64365714, ""pred"": 69.61394843150013, ""ds"": ""2026-03-02 00:00:00""}, {""horizon_step"": 8, ""y"": 98.88672857, ""pred"": 69.70085267413491, ""ds"": ""2026-03-09 00:00:00""}]",
bomb/brentoil-case3-family-h8-diff-exloss-i128.yaml,bomb__brentoil-case3-family-h8-diff-exloss-i128,brentoil,bomb,i128,none,LSTM,LSTM,2,7.532639427341726,12.63268169484825,0.3742422763431099,-0.3056947725611332,gdrive2:runs/colab_batch/bomb__brentoil-case3-family-h8-diff-exloss-i128/scheduler/workers/LSTM/cv/LSTM_forecasts.csv,8,3,16.986392462740117,20.46855133710925,-16.986392462740117,0.6063793445353324,0,"[{""horizon_step"": 6, ""y"": 72.72435714, ""pred"": 69.8667796372258, ""ds"": ""2026-02-23 00:00:00""}, {""horizon_step"": 7, ""y"": 86.64365714, ""pred"": 69.36917908180588, ""ds"": ""2026-03-02 00:00:00""}, {""horizon_step"": 8, ""y"": 98.88672857, ""pred"": 68.05960674274796, ""ds"": ""2026-03-09 00:00:00""}]",
bomb/brentoil-case3-family-h8-diff-exloss-i128.yaml,bomb__brentoil-case3-family-h8-diff-exloss-i128,brentoil,bomb,i128,none,PatchTST,PatchTST,3,7.745556714244392,12.92714784217689,0.3829658145390575,-0.3672753682983725,gdrive2:runs/colab_batch/bomb__brentoil-case3-family-h8-diff-exloss-i128/scheduler/workers/PatchTST/cv/PatchTST_forecasts.csv,8,3,18.113586037844197,20.978313124902648,-18.113586037844197,0.6214810004200313,2,"[{""horizon_step"": 6, ""y"": 72.72435714, ""pred"": 67.84474362123841, ""ds"": ""2026-02-23 00:00:00""}, {""horizon_step"": 7, ""y"": 86.64365714, ""pred"": 67.96518465567463, ""ds"": ""2026-03-02 00:00:00""}, {""horizon_step"": 8, ""y"": 98.88672857, ""pred"": 68.10405645955437, ""ds"": ""2026-03-09 00:00:00""}]",
bomb/brentoil-case3-family-h8-diff-exloss-i128.yaml,bomb__brentoil-case3-family-h8-diff-exloss-i128,brentoil,bomb,i128,none,TimeMixer,TimeMixer,4,10.695885446153786,15.560702318989552,0.4609846743570716,-0.9811116316378008,gdrive2:runs/colab_batch/bomb__brentoil-case3-family-h8-diff-exloss-i128/scheduler/workers/TimeMixer/cv/TimeMixer_forecasts.csv,8,3,22.664408539225434,24.855639037133916,-22.664408539225434,0.7363464985437839,2,"[{""horizon_step"": 6, ""y"": 72.72435714, ""pred"": 62.73765276063317, ""ds"": ""2026-02-23 00:00:00""}, {""horizon_step"": 7, ""y"": 86.64365714, ""pred"": 63.61098520148629, ""ds"": ""2026-03-02 00:00:00""}, {""horizon_step"": 8, ""y"": 98.88672857, ""pred"": 63.91287927020424, ""ds"": ""2026-03-09 00:00:00""}]",
bomb/brentoil-case3-family-h8-diff-exloss-i128.yaml,bomb__brentoil-case3-family-h8-diff-exloss-i128,brentoil,bomb,i128,none,iTransformer,iTransformer,5,14.503094949059394,18.93366348094003,0.5609084034398704,-1.9330527006833125,gdrive2:runs/colab_batch/bomb__brentoil-case3-family-h8-diff-exloss-i128/scheduler/workers/iTransformer/cv/iTransformer_forecasts.csv,8,3,27.224166750401036,29.564541537233193,-27.224166750401036,0.8758473925965161,0,"[{""horizon_step"": 6, ""y"": 72.72435714, ""pred"": 60.19183997500771, ""ds"": ""2026-02-23 00:00:00""}, {""horizon_step"": 7, ""y"": 86.64365714, ""pred"": 58.195500773080525, ""ds"": ""2026-03-02 00:00:00""}, {""horizon_step"": 8, ""y"": 98.88672857, ""pred"": 58.19490185070866, ""ds"": ""2026-03-09 00:00:00""}]",
bomb/brentoil-case3-family-h8-diff-exloss-i128.yaml,bomb__brentoil-case3-family-h8-diff-exloss-i128,brentoil,bomb,i128,none,DLinear,DLinear,6,14.234843336276915,19.11166451082676,0.5661816710029559,-1.988460947177252,gdrive2:runs/colab_batch/bomb__brentoil-case3-family-h8-diff-exloss-i128/scheduler/workers/DLinear/cv/DLinear_forecasts.csv,8,3,27.859438428769284,30.078106813756147,-27.859438428769284,0.8910617265581728,0,"[{""horizon_step"": 6, ""y"": 72.72435714, ""pred"": 58.802701336034474, ""ds"": ""2026-02-23 00:00:00""}, {""horizon_step"": 7, ""y"": 86.64365714, ""pred"": 58.67972551722163, ""ds"": ""2026-03-02 00:00:00""}, {""horizon_step"": 8, ""y"": 98.88672857, ""pred"": 57.19400071043604, ""ds"": ""2026-03-09 00:00:00""}]",
bomb/wti-case3-family-h8-diff-exloss-i128.yaml,bomb__wti-case3-family-h8-diff-exloss-i128,wti,bomb,i128,none,LSTM,LSTM,1,4.894848908597602,6.695792337043963,0.1983476708042163,0.6369790630998378,gdrive2:runs/colab_batch/bomb__wti-case3-family-h8-diff-exloss-i128/scheduler/workers/LSTM/cv/LSTM_forecasts.csv,8,3,9.232282131867828,10.187381024649747,-4.986681639199678,0.3017780713800356,2,"[{""horizon_step"": 6, ""y"": 67.07227143, ""pred"": 73.44067216900223, ""ds"": ""2026-02-23 00:00:00""}, {""horizon_step"": 7, ""y"": 82.27782857, ""pred"": 76.26873041180008, ""ds"": ""2026-03-02 00:00:00""}, {""horizon_step"": 8, ""y"": 94.20584286, ""pred"": 78.88649536159866, ""ds"": ""2026-03-09 00:00:00""}]",
bomb/wti-case3-family-h8-diff-exloss-i128.yaml,bomb__wti-case3-family-h8-diff-exloss-i128,wti,bomb,i128,none,TimeMixer,TimeMixer,2,7.886151981844712,14.09342185260398,0.4174856771856438,-0.6082761612522603,gdrive2:runs/colab_batch/bomb__wti-case3-family-h8-diff-exloss-i128/scheduler/workers/TimeMixer/cv/TimeMixer_forecasts.csv,8,3,19.468613593821946,22.975086342528,-19.468613593821946,0.6805848558586011,0,"[{""horizon_step"": 6, ""y"": 67.07227143, ""pred"": 63.03516397860878, ""ds"": ""2026-02-23 00:00:00""}, {""horizon_step"": 7, ""y"": 82.27782857, ""pred"": 61.77500210193031, ""ds"": ""2026-03-02 00:00:00""}, {""horizon_step"": 8, ""y"": 94.20584286, ""pred"": 60.33993599799507, ""ds"": ""2026-03-09 00:00:00""}]",
bomb/wti-case3-family-h8-diff-exloss-i128.yaml,bomb__wti-case3-family-h8-diff-exloss-i128,wti,bomb,i128,none,PatchTST,PatchTST,3,10.905202473741648,17.040552028561937,0.5047877284640365,-1.3512296001611364,gdrive2:runs/colab_batch/bomb__wti-case3-family-h8-diff-exloss-i128/scheduler/workers/PatchTST/cv/PatchTST_forecasts.csv,8,3,24.980627118592682,27.519482415944186,-24.980627118592682,0.8152022888675616,1,"[{""horizon_step"": 6, ""y"": 67.07227143, ""pred"": 57.167330632480315, ""ds"": ""2026-02-23 00:00:00""}, {""horizon_step"": 7, ""y"": 82.27782857, ""pred"": 55.18872595814102, ""ds"": ""2026-03-02 00:00:00""}, {""horizon_step"": 8, ""y"": 94.20584286, ""pred"": 56.258004913600615, ""ds"": ""2026-03-09 00:00:00""}]",
bomb/wti-case3-family-h8-diff-exloss-i128.yaml,bomb__wti-case3-family-h8-diff-exloss-i128,wti,bomb,i128,none,NHITS,NHITS,4,14.900589666289632,20.001077466357835,0.5924865840116819,-2.239175695389128,gdrive2:runs/colab_batch/bomb__wti-case3-family-h8-diff-exloss-i128/scheduler/workers/NHITS/cv/NHITS_forecasts.csv,0,0,nan,nan,nan,nan,nan,[],"Command '['rclone', 'cat', 'gdrive2:runs/colab_batch/bomb__wti-case3-family-h8-diff-exloss-i128/scheduler/workers/NHITS/cv/NHITS_forecasts.csv']' timed out after 20 seconds"
bomb/wti-case3-family-h8-diff-exloss-i128.yaml,bomb__wti-case3-family-h8-diff-exloss-i128,wti,bomb,i128,none,DLinear,DLinear,5,17.18779466390366,21.985685479850662,0.6512760979513376,-2.91388213470729,gdrive2:runs/colab_batch/bomb__wti-case3-family-h8-diff-exloss-i128/scheduler/workers/DLinear/cv/DLinear_forecasts.csv,8,3,32.03081432883464,33.83701716262296,-32.03081432883464,1.0023449359439853,1,"[{""horizon_step"": 6, ""y"": 67.07227143, ""pred"": 47.77328963068359, ""ds"": ""2026-02-23 00:00:00""}, {""horizon_step"": 7, ""y"": 82.27782857, ""pred"": 51.423068950446776, ""ds"": ""2026-03-02 00:00:00""}, {""horizon_step"": 8, ""y"": 94.20584286, ""pred"": 48.26714129236572, ""ds"": ""2026-03-09 00:00:00""}]",
bomb/wti-case3-family-h8-diff-exloss-i128.yaml,bomb__wti-case3-family-h8-diff-exloss-i128,wti,bomb,i128,none,iTransformer,iTransformer,6,,,,1.0,gdrive2:runs/colab_batch/bomb__wti-case3-family-h8-diff-exloss-i128/scheduler/workers/iTransformer/cv/iTransformer_forecasts.csv,0,0,nan,nan,nan,nan,0,[],
bomb/brentoil-case3-family-h8-diff-exloss-i48-res-delta.yaml,bomb__brentoil-case3-family-h8-diff-exloss-i48-res-delta,brentoil,bomb,i48,delta,TimeMixer_res,TimeMixer,1,6.695023914219666,11.14252475080504,0.3300964852657767,-0.0158223725693462,gdrive2:runs/colab_batch/bomb__brentoil-case3-family-h8-diff-exloss-i48-res-delta/scheduler/workers/TimeMixer/residual/TimeMixer/corrected_folds.csv,8,3,14.478410374700644,17.971573432995015,-14.478410374700644,0.5324065557493022,1,"[{""horizon_step"": 6, ""y"": 72.72435714, ""pred"": 71.31705861270278, ""ds"": ""2026-02-23""}, {""horizon_step"": 7, ""y"": 86.64365714, ""pred"": 72.10187388315647, ""ds"": ""2026-03-02""}, {""horizon_step"": 8, ""y"": 98.88672857, ""pred"": 71.40057923003882, ""ds"": ""2026-03-09""}]",
bomb/brentoil-case3-family-h8-diff-exloss-i48-res-delta.yaml,bomb__brentoil-case3-family-h8-diff-exloss-i48-res-delta,brentoil,bomb,i48,delta,TimeMixer,TimeMixer,2,6.726414435312938,11.20865388359535,0.3320555560146371,-0.0279156444173869,gdrive2:runs/colab_batch/bomb__brentoil-case3-family-h8-diff-exloss-i48-res-delta/scheduler/workers/TimeMixer/cv/TimeMixer_forecasts.csv,8,3,14.576666200647528,18.082807159136337,-14.576666200647528,0.5357018467954013,1,"[{""horizon_step"": 6, ""y"": 72.72435714, ""pred"": 71.28088165510529, ""ds"": ""2026-02-23 00:00:00""}, {""horizon_step"": 7, ""y"": 86.64365714, ""pred"": 72.01211978186005, ""ds"": ""2026-03-02 00:00:00""}, {""horizon_step"": 8, ""y"": 98.88672857, ""pred"": 71.23174281109208, ""ds"": ""2026-03-09 00:00:00""}]",
bomb/brentoil-case3-family-h8-diff-exloss-i48-res-delta.yaml,bomb__brentoil-case3-family-h8-diff-exloss-i48-res-delta,brentoil,bomb,i48,delta,DLinear,DLinear,3,8.869104476367143,13.7806625393124,0.4082511253593686,-0.5537843911222107,gdrive2:runs/colab_batch/bomb__brentoil-case3-family-h8-diff-exloss-i48-res-delta/scheduler/workers/DLinear/cv/DLinear_forecasts.csv,8,3,19.282469992329453,22.166272192135317,-19.282469992329453,0.6566742013779007,0,"[{""horizon_step"": 6, ""y"": 72.72435714, ""pred"": 67.13997022498482, ""ds"": ""2026-02-23 00:00:00""}, {""horizon_step"": 7, ""y"": 86.64365714, ""pred"": 66.72236708987587, ""ds"": ""2026-03-02 00:00:00""}, {""horizon_step"": 8, ""y"": 98.88672857, ""pred"": 66.54499555815094, ""ds"": ""2026-03-09 00:00:00""}]",
bomb/brentoil-case3-family-h8-diff-exloss-i48-res-delta.yaml,bomb__brentoil-case3-family-h8-diff-exloss-i48-res-delta,brentoil,bomb,i48,delta,DLinear_res,DLinear,4,9.199427537341622,14.085634541890242,0.4172858987529065,-0.623317203084305,gdrive2:runs/colab_batch/bomb__brentoil-case3-family-h8-diff-exloss-i48-res-delta/scheduler/workers/DLinear/residual/DLinear/corrected_folds.csv,0,0,nan,nan,nan,nan,nan,[],"Command '['rclone', 'cat', 'gdrive2:runs/colab_batch/bomb__brentoil-case3-family-h8-diff-exloss-i48-res-delta/scheduler/workers/DLinear/residual/DLinear/corrected_folds.csv']' timed out after 20 seconds"
bomb/brentoil-case3-family-h8-diff-exloss-i48-res-delta.yaml,bomb__brentoil-case3-family-h8-diff-exloss-i48-res-delta,brentoil,bomb,i48,delta,PatchTST_res,PatchTST,5,9.272945266869174,15.761966959242551,0.4669471246851264,-1.0326910932869064,gdrive2:runs/colab_batch/bomb__brentoil-case3-family-h8-diff-exloss-i48-res-delta/scheduler/workers/PatchTST/residual/PatchTST/corrected_folds.csv,8,3,22.637179054162242,25.650535305480016,-22.637179054162242,0.7598952426749532,0,"[{""horizon_step"": 6, ""y"": 72.72435714, ""pred"": 65.53251081826714, ""ds"": ""2026-02-23""}, {""horizon_step"": 7, ""y"": 86.64365714, ""pred"": 62.55624358291355, ""ds"": ""2026-03-02""}, {""horizon_step"": 8, ""y"": 98.88672857, ""pred"": 62.25445128633258, ""ds"": ""2026-03-09""}]",
bomb/brentoil-case3-family-h8-diff-exloss-i48-res-delta.yaml,bomb__brentoil-case3-family-h8-diff-exloss-i48-res-delta,brentoil,bomb,i48,delta,PatchTST,PatchTST,6,9.310372255768998,15.810653846835235,0.4683894701887084,-1.0452679816093515,gdrive2:runs/colab_batch/bomb__brentoil-case3-family-h8-diff-exloss-i48-res-delta/scheduler/workers/PatchTST/cv/PatchTST_forecasts.csv,8,3,22.718299577126675,25.728585408824554,-22.718299577126675,0.7622074713093838,0,"[{""horizon_step"": 6, ""y"": 72.72435714, ""pred"": 65.4708196787917, ""ds"": ""2026-02-23 00:00:00""}, {""horizon_step"": 7, ""y"": 86.64365714, ""pred"": 62.469066586979565, ""ds"": ""2026-03-02 00:00:00""}, {""horizon_step"": 8, ""y"": 98.88672857, ""pred"": 62.159957852848706, ""ds"": ""2026-03-09 00:00:00""}]",
bomb/brentoil-case3-family-h8-diff-exloss-i48-res-delta.yaml,bomb__brentoil-case3-family-h8-diff-exloss-i48-res-delta,brentoil,bomb,i48,delta,LSTM_res,LSTM,7,10.934269127623198,16.2591877751063,0.4816772551886056,-1.1629588245911529,gdrive2:runs/colab_batch/bomb__brentoil-case3-family-h8-diff-exloss-i48-res-delta/scheduler/workers/LSTM/residual/LSTM/corrected_folds.csv,8,3,23.348111490522598,25.940579652305424,-23.348111490522598,0.7684877853526222,0,"[{""horizon_step"": 6, ""y"": 72.72435714, ""pred"": 63.44242375966245, ""ds"": ""2026-02-23""}, {""horizon_step"": 7, ""y"": 86.64365714, ""pred"": 62.84090768981808, ""ds"": ""2026-03-02""}, {""horizon_step"": 8, ""y"": 98.88672857, ""pred"": 61.92707692895168, ""ds"": ""2026-03-09""}]",
bomb/brentoil-case3-family-h8-diff-exloss-i48-res-delta.yaml,bomb__brentoil-case3-family-h8-diff-exloss-i48-res-delta,brentoil,bomb,i48,delta,LSTM,LSTM,8,10.923348709662465,16.264426280116464,0.4818324455184971,-1.1643528051633254,gdrive2:runs/colab_batch/bomb__brentoil-case3-family-h8-diff-exloss-i48-res-delta/scheduler/workers/LSTM/cv/LSTM_forecasts.csv,8,3,23.35079810469327,25.95600112129985,-23.35079810469327,0.7689446452498665,0,"[{""horizon_step"": 6, ""y"": 72.72435714, ""pred"": 63.47060517657631, ""ds"": ""2026-02-23 00:00:00""}, {""horizon_step"": 7, ""y"": 86.64365714, ""pred"": 62.850113791116414, ""ds"": ""2026-03-02 00:00:00""}, {""horizon_step"": 8, ""y"": 98.88672857, ""pred"": 61.88162956822747, ""ds"": ""2026-03-09 00:00:00""}]",
bomb/brentoil-case3-family-h8-diff-exloss-i48-res-delta.yaml,bomb__brentoil-case3-family-h8-diff-exloss-i48-res-delta,brentoil,bomb,i48,delta,iTransformer_res,iTransformer,9,12.173743877500035,16.800493413447718,0.4977133953513761,-1.309375914406978,gdrive2:runs/colab_batch/bomb__brentoil-case3-family-h8-diff-exloss-i48-res-delta/scheduler/workers/iTransformer/residual/iTransformer/corrected_folds.csv,8,3,24.203425758477078,26.542068056371342,-24.203425758477078,0.7863068355724511,0,"[{""horizon_step"": 6, ""y"": 72.72435714, ""pred"": 62.15189915819177, ""ds"": ""2026-02-23""}, {""horizon_step"": 7, ""y"": 86.64365714, ""pred"": 61.842534518969146, ""ds"": ""2026-03-02""}, {""horizon_step"": 8, ""y"": 98.88672857, ""pred"": 61.65003189740786, ""ds"": ""2026-03-09""}]",
bomb/brentoil-case3-family-h8-diff-exloss-i48-res-delta.yaml,bomb__brentoil-case3-family-h8-diff-exloss-i48-res-delta,brentoil,bomb,i48,delta,iTransformer,iTransformer,10,12.217878365189042,16.862859922304832,0.4995609986398986,-1.326553391103166,gdrive2:runs/colab_batch/bomb__brentoil-case3-family-h8-diff-exloss-i48-res-delta/scheduler/workers/iTransformer/cv/iTransformer_forecasts.csv,8,3,24.29833700457193,26.642461718075374,-24.29833700457193,0.7892809904980722,0,"[{""horizon_step"": 6, ""y"": 72.72435714, ""pred"": 62.102120225020585, ""ds"": ""2026-02-23 00:00:00""}, {""horizon_step"": 7, ""y"": 86.64365714, ""pred"": 61.739492212125, ""ds"": ""2026-03-02 00:00:00""}, {""horizon_step"": 8, ""y"": 98.88672857, ""pred"": 61.51811939913863, ""ds"": ""2026-03-09 00:00:00""}]",
bomb/brentoil-case3-family-h8-diff-exloss-i48-res-delta.yaml,bomb__brentoil-case3-family-h8-diff-exloss-i48-res-delta,brentoil,bomb,i48,delta,NHITS_res,NHITS,11,12.52426556334665,17.200022690172066,0.5095494211136664,-1.4205195700351223,gdrive2:runs/colab_batch/bomb__brentoil-case3-family-h8-diff-exloss-i48-res-delta/scheduler/workers/NHITS/residual/NHITS/corrected_folds.csv,8,3,24.82850057332692,27.13534552951822,-24.82850057332692,0.803882637561044,0,"[{""horizon_step"": 6, ""y"": 72.72435714, ""pred"": 61.60127450216645, ""ds"": ""2026-02-23""}, {""horizon_step"": 7, ""y"": 86.64365714, ""pred"": 61.20183409441346, ""ds"": ""2026-03-02""}, {""horizon_step"": 8, ""y"": 98.88672857, ""pred"": 60.966132533439335, ""ds"": ""2026-03-09""}]",
bomb/brentoil-case3-family-h8-diff-exloss-i48-res-delta.yaml,bomb__brentoil-case3-family-h8-diff-exloss-i48-res-delta,brentoil,bomb,i48,delta,NHITS,NHITS,12,14.068396313347128,18.832172424082422,0.5579017382626462,-1.9016926009363453,gdrive2:runs/colab_batch/bomb__brentoil-case3-family-h8-diff-exloss-i48-res-delta/scheduler/workers/NHITS/cv/NHITS_forecasts.csv,8,3,27.25662915357925,29.499109476668895,-27.25662915357925,0.8739089725616481,0,"[{""horizon_step"": 6, ""y"": 72.72435714, ""pred"": 59.54637838590973, ""ds"": ""2026-02-23 00:00:00""}, {""horizon_step"": 7, ""y"": 86.64365714, ""pred"": 58.84802145946854, ""ds"": ""2026-03-02 00:00:00""}, {""horizon_step"": 8, ""y"": 98.88672857, ""pred"": 58.09045554388398, ""ds"": ""2026-03-09 00:00:00""}]",
bomb/wti-case3-family-h8-diff-exloss-i48-res-delta.yaml,bomb__wti-case3-family-h8-diff-exloss-i48-res-delta,wti,bomb,i48,delta,NHITS_res,NHITS,1,6.965874910954012,10.03892243219032,0.2973803220857079,0.1839779043193746,gdrive2:runs/colab_batch/bomb__wti-case3-family-h8-diff-exloss-i48-res-delta/scheduler/workers/NHITS/residual/NHITS/corrected_folds.csv,8,3,12.717979237394752,15.625013800715855,-11.701217377230748,0.46285561702828204,2,"[{""horizon_step"": 6, ""y"": 67.07227143, ""pred"": 68.59741422024601, ""ds"": ""2026-02-23""}, {""horizon_step"": 7, ""y"": 82.27782857, ""pred"": 69.4069042452895, ""ds"": ""2026-03-02""}, {""horizon_step"": 8, ""y"": 94.20584286, ""pred"": 70.44797226277225, ""ds"": ""2026-03-09""}]",
bomb/wti-case3-family-h8-diff-exloss-i48-res-delta.yaml,bomb__wti-case3-family-h8-diff-exloss-i48-res-delta,wti,bomb,i48,delta,NHITS,NHITS,2,7.058584666139259,11.322458674708376,0.3354021739116333,-0.038028337842501,gdrive2:runs/colab_batch/bomb__wti-case3-family-h8-diff-exloss-i48-res-delta/scheduler/workers/NHITS/cv/NHITS_forecasts.csv,8,3,14.264738320355837,18.072401499780607,-14.264738320355837,0.5353539301821651,1,"[{""horizon_step"": 6, ""y"": 67.07227143, ""pred"": 66.93580992010467, ""ds"": ""2026-02-23 00:00:00""}, {""horizon_step"": 7, ""y"": 82.27782857, ""pred"": 66.86395401743286, ""ds"": ""2026-03-02 00:00:00""}, {""horizon_step"": 8, ""y"": 94.20584286, ""pred"": 66.96196396139496, ""ds"": ""2026-03-09 00:00:00""}]",
bomb/wti-case3-family-h8-diff-exloss-i48-res-delta.yaml,bomb__wti-case3-family-h8-diff-exloss-i48-res-delta,wti,bomb,i48,delta,LSTM,LSTM,3,6.731324139351024,11.921623693731942,0.3531510794882292,-0.1507965193538585,gdrive2:runs/colab_batch/bomb__wti-case3-family-h8-diff-exloss-i48-res-delta/scheduler/workers/LSTM/cv/LSTM_forecasts.csv,0,0,nan,nan,nan,nan,nan,[],"Command '['rclone', 'cat', 'gdrive2:runs/colab_batch/bomb__wti-case3-family-h8-diff-exloss-i48-res-delta/scheduler/workers/LSTM/cv/LSTM_forecasts.csv']' timed out after 20 seconds"
bomb/wti-case3-family-h8-diff-exloss-i48-res-delta.yaml,bomb__wti-case3-family-h8-diff-exloss-i48-res-delta,wti,bomb,i48,delta,LSTM_res,LSTM,4,6.723820283503457,12.007658121430914,0.3556996543967813,-0.1674662913535218,gdrive2:runs/colab_batch/bomb__wti-case3-family-h8-diff-exloss-i48-res-delta/scheduler/workers/LSTM/residual/LSTM/corrected_folds.csv,8,3,15.44014277648948,19.477288514807974,-15.44014277648948,0.576970523580996,1,"[{""horizon_step"": 6, ""y"": 67.07227143, ""pred"": 67.05228325401478, ""ds"": ""2026-02-23""}, {""horizon_step"": 7, ""y"": 82.27782857, ""pred"": 64.88210781713062, ""ds"": ""2026-03-02""}, {""horizon_step"": 8, ""y"": 94.20584286, ""pred"": 65.30112345938616, ""ds"": ""2026-03-09""}]",
bomb/wti-case3-family-h8-diff-exloss-i48-res-delta.yaml,bomb__wti-case3-family-h8-diff-exloss-i48-res-delta,wti,bomb,i48,delta,DLinear_res,DLinear,5,6.68774223762556,12.03141643295752,0.3564034405234018,-0.1720907514706406,gdrive2:runs/colab_batch/bomb__wti-case3-family-h8-diff-exloss-i48-res-delta/scheduler/workers/DLinear/residual/DLinear/corrected_folds.csv,8,3,15.946790257141217,19.581977455633247,-15.946790257141217,0.5800716961572083,0,"[{""horizon_step"": 6, ""y"": 67.07227143, ""pred"": 65.57555335250728, ""ds"": ""2026-02-23""}, {""horizon_step"": 7, ""y"": 82.27782857, ""pred"": 65.19920686868065, ""ds"": ""2026-03-02""}, {""horizon_step"": 8, ""y"": 94.20584286, ""pred"": 64.94081186738842, ""ds"": ""2026-03-09""}]",
bomb/wti-case3-family-h8-diff-exloss-i48-res-delta.yaml,bomb__wti-case3-family-h8-diff-exloss-i48-res-delta,wti,bomb,i48,delta,DLinear,DLinear,6,6.777346365777692,12.251154165855317,0.3629126727866171,-0.2152950562213011,gdrive2:runs/colab_batch/bomb__wti-case3-family-h8-diff-exloss-i48-res-delta/scheduler/workers/DLinear/cv/DLinear_forecasts.csv,8,3,16.32707311118168,19.9488218407325,-16.32707311118168,0.5909386295490173,0,"[{""horizon_step"": 6, ""y"": 67.07227143, ""pred"": 65.2928763279044, ""ds"": ""2026-02-23 00:00:00""}, {""horizon_step"": 7, ""y"": 82.27782857, ""pred"": 64.86941700664394, ""ds"": ""2026-03-02 00:00:00""}, {""horizon_step"": 8, ""y"": 94.20584286, ""pred"": 64.41243019190662, ""ds"": ""2026-03-09 00:00:00""}]",
bomb/wti-case3-family-h8-diff-exloss-i48-res-delta.yaml,bomb__wti-case3-family-h8-diff-exloss-i48-res-delta,wti,bomb,i48,delta,PatchTST_res,PatchTST,7,7.618818820414487,12.772104231131712,0.3783446376462823,-0.3208473507671141,gdrive2:runs/colab_batch/bomb__wti-case3-family-h8-diff-exloss-i48-res-delta/scheduler/workers/PatchTST/residual/PatchTST/corrected_folds.csv,8,3,17.86314518903218,20.720614324777785,-17.86314518903218,0.6138012324866355,2,"[{""horizon_step"": 6, ""y"": 67.07227143, ""pred"": 62.60176569459074, ""ds"": ""2026-02-23""}, {""horizon_step"": 7, ""y"": 82.27782857, ""pred"": 63.273159714909724, ""ds"": ""2026-03-02""}, {""horizon_step"": 8, ""y"": 94.20584286, ""pred"": 64.091581883403, ""ds"": ""2026-03-09""}]",
bomb/wti-case3-family-h8-diff-exloss-i48-res-delta.yaml,bomb__wti-case3-family-h8-diff-exloss-i48-res-delta,wti,bomb,i48,delta,PatchTST,PatchTST,8,8.192183637020532,13.357518952518152,0.3956862218228253,-0.4447054775457293,gdrive2:runs/colab_batch/bomb__wti-case3-family-h8-diff-exloss-i48-res-delta/scheduler/workers/PatchTST/cv/PatchTST_forecasts.csv,8,3,18.796886125251874,21.627328507476054,-18.796886125251874,0.6406605849232954,2,"[{""horizon_step"": 6, ""y"": 67.07227143, ""pred"": 61.87628097322815, ""ds"": ""2026-02-23 00:00:00""}, {""horizon_step"": 7, ""y"": 82.27782857, ""pred"": 62.41541774061554, ""ds"": ""2026-03-02 00:00:00""}, {""horizon_step"": 8, ""y"": 94.20584286, ""pred"": 62.873585770400695, ""ds"": ""2026-03-09 00:00:00""}]",
bomb/wti-case3-family-h8-diff-exloss-i48-res-delta.yaml,bomb__wti-case3-family-h8-diff-exloss-i48-res-delta,wti,bomb,i48,delta,TimeMixer_res,TimeMixer,9,13.538326616359296,17.52367205361881,0.5190990641305799,-1.4864398366640783,gdrive2:runs/colab_batch/bomb__wti-case3-family-h8-diff-exloss-i48-res-delta/scheduler/workers/TimeMixer/residual/TimeMixer/corrected_folds.csv,8,3,24.623373348559166,27.022926975221658,-24.623373348559166,0.8004929594656351,1,"[{""horizon_step"": 6, ""y"": 67.07227143, ""pred"": 56.84316627171867, ""ds"": ""2026-02-23""}, {""horizon_step"": 7, ""y"": 82.27782857, ""pred"": 55.979628915461234, ""ds"": ""2026-03-02""}, {""horizon_step"": 8, ""y"": 94.20584286, ""pred"": 56.8630276271426, ""ds"": ""2026-03-09""}]",
bomb/wti-case3-family-h8-diff-exloss-i48-res-delta.yaml,bomb__wti-case3-family-h8-diff-exloss-i48-res-delta,wti,bomb,i48,delta,TimeMixer,TimeMixer,10,14.319712282118742,18.368293264912413,0.5441190530339219,-1.731903349167509,gdrive2:runs/colab_batch/bomb__wti-case3-family-h8-diff-exloss-i48-res-delta/scheduler/workers/TimeMixer/cv/TimeMixer_forecasts.csv,8,3,25.86151242161316,28.231452945164616,-25.86151242161316,0.8362928019903838,1,"[{""horizon_step"": 6, ""y"": 67.07227143, ""pred"": 55.828499028953246, ""ds"": ""2026-02-23 00:00:00""}, {""horizon_step"": 7, ""y"": 82.27782857, ""pred"": 54.76756305483215, ""ds"": ""2026-03-02 00:00:00""}, {""horizon_step"": 8, ""y"": 94.20584286, ""pred"": 55.37534351137512, ""ds"": ""2026-03-09 00:00:00""}]",
bomb/wti-case3-family-h8-diff-exloss-i48-res-delta.yaml,bomb__wti-case3-family-h8-diff-exloss-i48-res-delta,wti,bomb,i48,delta,iTransformer,iTransformer,11,,,,1.0,gdrive2:runs/colab_batch/bomb__wti-case3-family-h8-diff-exloss-i48-res-delta/scheduler/workers/iTransformer/cv/iTransformer_forecasts.csv,0,0,nan,nan,nan,nan,0,[],
bomb/wti-case3-family-h8-diff-exloss-i48-res-delta.yaml,bomb__wti-case3-family-h8-diff-exloss-i48-res-delta,wti,bomb,i48,delta,iTransformer_res,iTransformer,12,,,,1.0,gdrive2:runs/colab_batch/bomb__wti-case3-family-h8-diff-exloss-i48-res-delta/scheduler/workers/iTransformer/residual/iTransformer/corrected_folds.csv,0,0,nan,nan,nan,nan,0,[],
bomb/brentoil-case3-family-h8-diff-exloss-i48-res-level.yaml,bomb__brentoil-case3-family-h8-diff-exloss-i48-res-level,brentoil,bomb,i48,level,TimeMixer_res,TimeMixer,1,6.556373676986288,10.935468654725245,0.3239624634801077,0.0215799162329533,gdrive2:runs/colab_batch/bomb__brentoil-case3-family-h8-diff-exloss-i48-res-level/scheduler/workers/TimeMixer/residual/TimeMixer/corrected_folds.csv,8,3,14.241301166007693,17.649152362762585,-14.241301166007693,0.5228548549956946,1,"[{""horizon_step"": 6, ""y"": 72.72435714, ""pred"": 71.18094218213194, ""ds"": ""2026-02-23""}, {""horizon_step"": 7, ""y"": 86.64365714, ""pred"": 72.54106612194413, ""ds"": ""2026-03-02""}, {""horizon_step"": 8, ""y"": 98.88672857, ""pred"": 71.80883104790085, ""ds"": ""2026-03-09""}]",
bomb/brentoil-case3-family-h8-diff-exloss-i48-res-level.yaml,bomb__brentoil-case3-family-h8-diff-exloss-i48-res-level,brentoil,bomb,i48,level,TimeMixer,TimeMixer,2,6.726414435312938,11.20865388359535,0.3320555560146371,-0.0279156444173869,gdrive2:runs/colab_batch/bomb__brentoil-case3-family-h8-diff-exloss-i48-res-level/scheduler/workers/TimeMixer/cv/TimeMixer_forecasts.csv,8,3,14.576666200647528,18.082807159136337,-14.576666200647528,0.5357018467954013,1,"[{""horizon_step"": 6, ""y"": 72.72435714, ""pred"": 71.28088165510529, ""ds"": ""2026-02-23 00:00:00""}, {""horizon_step"": 7, ""y"": 86.64365714, ""pred"": 72.01211978186005, ""ds"": ""2026-03-02 00:00:00""}, {""horizon_step"": 8, ""y"": 98.88672857, ""pred"": 71.23174281109208, ""ds"": ""2026-03-09 00:00:00""}]",
bomb/brentoil-case3-family-h8-diff-exloss-i48-res-level.yaml,bomb__brentoil-case3-family-h8-diff-exloss-i48-res-level,brentoil,bomb,i48,level,DLinear,DLinear,3,8.869104476367143,13.7806625393124,0.4082511253593686,-0.5537843911222107,gdrive2:runs/colab_batch/bomb__brentoil-case3-family-h8-diff-exloss-i48-res-level/scheduler/workers/DLinear/cv/DLinear_forecasts.csv,8,3,19.282469992329453,22.166272192135317,-19.282469992329453,0.6566742013779007,0,"[{""horizon_step"": 6, ""y"": 72.72435714, ""pred"": 67.13997022498482, ""ds"": ""2026-02-23 00:00:00""}, {""horizon_step"": 7, ""y"": 86.64365714, ""pred"": 66.72236708987587, ""ds"": ""2026-03-02 00:00:00""}, {""horizon_step"": 8, ""y"": 98.88672857, ""pred"": 66.54499555815094, ""ds"": ""2026-03-09 00:00:00""}]",
bomb/brentoil-case3-family-h8-diff-exloss-i48-res-level.yaml,bomb__brentoil-case3-family-h8-diff-exloss-i48-res-level,brentoil,bomb,i48,level,DLinear_res,DLinear,4,9.072316539705003,13.85999823073366,0.4106014394470619,-0.5717262563709264,gdrive2:runs/colab_batch/bomb__brentoil-case3-family-h8-diff-exloss-i48-res-level/scheduler/workers/DLinear/residual/DLinear/corrected_folds.csv,8,3,19.417183604826306,22.240549664293493,-19.417183604826306,0.6588746660878461,0,"[{""horizon_step"": 6, ""y"": 72.72435714, ""pred"": 66.86968512524003, ""ds"": ""2026-02-23""}, {""horizon_step"": 7, ""y"": 86.64365714, ""pred"": 66.64733470667237, ""ds"": ""2026-03-02""}, {""horizon_step"": 8, ""y"": 98.88672857, ""pred"": 66.48617220360869, ""ds"": ""2026-03-09""}]",
bomb/brentoil-case3-family-h8-diff-exloss-i48-res-level.yaml,bomb__brentoil-case3-family-h8-diff-exloss-i48-res-level,brentoil,bomb,i48,level,PatchTST,PatchTST,5,9.310372255768998,15.810653846835235,0.4683894701887084,-1.0452679816093515,gdrive2:runs/colab_batch/bomb__brentoil-case3-family-h8-diff-exloss-i48-res-level/scheduler/workers/PatchTST/cv/PatchTST_forecasts.csv,8,3,22.718299577126675,25.728585408824554,-22.718299577126675,0.7622074713093838,0,"[{""horizon_step"": 6, ""y"": 72.72435714, ""pred"": 65.4708196787917, ""ds"": ""2026-02-23 00:00:00""}, {""horizon_step"": 7, ""y"": 86.64365714, ""pred"": 62.469066586979565, ""ds"": ""2026-03-02 00:00:00""}, {""horizon_step"": 8, ""y"": 98.88672857, ""pred"": 62.159957852848706, ""ds"": ""2026-03-09 00:00:00""}]",
bomb/brentoil-case3-family-h8-diff-exloss-i48-res-level.yaml,bomb__brentoil-case3-family-h8-diff-exloss-i48-res-level,brentoil,bomb,i48,level,PatchTST_res,PatchTST,6,9.444164373007045,15.973499760026325,0.4732137685220274,-1.0876164856457926,gdrive2:runs/colab_batch/bomb__brentoil-case3-family-h8-diff-exloss-i48-res-level/scheduler/workers/PatchTST/residual/PatchTST/corrected_folds.csv,8,3,22.992239077379082,25.98091760909415,-22.992239077379082,0.7696827943884154,0,"[{""horizon_step"": 6, ""y"": 72.72435714, ""pred"": 65.23249965597027, ""ds"": ""2026-02-23""}, {""horizon_step"": 7, ""y"": 86.64365714, ""pred"": 62.174277630337414, ""ds"": ""2026-03-02""}, {""horizon_step"": 8, ""y"": 98.88672857, ""pred"": 61.871248331555066, ""ds"": ""2026-03-09""}]",
bomb/brentoil-case3-family-h8-diff-exloss-i48-res-level.yaml,bomb__brentoil-case3-family-h8-diff-exloss-i48-res-level,brentoil,bomb,i48,level,LSTM,LSTM,7,10.923348709662465,16.264426280116464,0.4818324455184971,-1.1643528051633254,gdrive2:runs/colab_batch/bomb__brentoil-case3-family-h8-diff-exloss-i48-res-level/scheduler/workers/LSTM/cv/LSTM_forecasts.csv,8,3,23.35079810469327,25.95600112129985,-23.35079810469327,0.7689446452498665,0,"[{""horizon_step"": 6, ""y"": 72.72435714, ""pred"": 63.47060517657631, ""ds"": ""2026-02-23 00:00:00""}, {""horizon_step"": 7, ""y"": 86.64365714, ""pred"": 62.850113791116414, ""ds"": ""2026-03-02 00:00:00""}, {""horizon_step"": 8, ""y"": 98.88672857, ""pred"": 61.88162956822747, ""ds"": ""2026-03-09 00:00:00""}]",
bomb/brentoil-case3-family-h8-diff-exloss-i48-res-level.yaml,bomb__brentoil-case3-family-h8-diff-exloss-i48-res-level,brentoil,bomb,i48,level,LSTM_res,LSTM,8,11.1130370611774,16.395449076285043,0.4857139863247509,-1.1993644041150082,gdrive2:runs/colab_batch/bomb__brentoil-case3-family-h8-diff-exloss-i48-res-level/scheduler/workers/LSTM/residual/LSTM/corrected_folds.csv,8,3,23.54699455647645,26.12941385759881,-23.54699455647645,0.7740819849491544,0,"[{""horizon_step"": 6, ""y"": 72.72435714, ""pred"": 63.26387084711426, ""ds"": ""2026-02-23""}, {""horizon_step"": 7, ""y"": 86.64365714, ""pred"": 62.65686872292393, ""ds"": ""2026-03-02""}, {""horizon_step"": 8, ""y"": 98.88672857, ""pred"": 61.69301961053246, ""ds"": ""2026-03-09""}]",
bomb/brentoil-case3-family-h8-diff-exloss-i48-res-level.yaml,bomb__brentoil-case3-family-h8-diff-exloss-i48-res-level,brentoil,bomb,i48,level,iTransformer_res,iTransformer,9,12.290650239445474,16.86245133271957,0.4995488942031549,-1.326440647004847,gdrive2:runs/colab_batch/bomb__brentoil-case3-family-h8-diff-exloss-i48-res-level/scheduler/workers/iTransformer/residual/iTransformer/corrected_folds.csv,8,3,24.273552414764737,26.60513840145527,-24.273552414764737,0.7881752899579978,0,"[{""horizon_step"": 6, ""y"": 72.72435714, ""pred"": 62.07680956710213, ""ds"": ""2026-02-23""}, {""horizon_step"": 7, ""y"": 86.64365714, ""pred"": 61.777315952517924, ""ds"": ""2026-03-02""}, {""horizon_step"": 8, ""y"": 98.88672857, ""pred"": 61.579960086085734, ""ds"": ""2026-03-09""}]",
bomb/brentoil-case3-family-h8-diff-exloss-i48-res-level.yaml,bomb__brentoil-case3-family-h8-diff-exloss-i48-res-level,brentoil,bomb,i48,level,iTransformer,iTransformer,10,12.217878365189042,16.862859922304832,0.4995609986398986,-1.326553391103166,gdrive2:runs/colab_batch/bomb__brentoil-case3-family-h8-diff-exloss-i48-res-level/scheduler/workers/iTransformer/cv/iTransformer_forecasts.csv,0,0,nan,nan,nan,nan,nan,[],"Command '['rclone', 'cat', 'gdrive2:runs/colab_batch/bomb__brentoil-case3-family-h8-diff-exloss-i48-res-level/scheduler/workers/iTransformer/cv/iTransformer_forecasts.csv']' timed out after 20 seconds"
bomb/brentoil-case3-family-h8-diff-exloss-i48-res-level.yaml,bomb__brentoil-case3-family-h8-diff-exloss-i48-res-level,brentoil,bomb,i48,level,NHITS_res,NHITS,11,12.32170995906761,17.200466830939394,0.5095625787515929,-1.4206445774631442,gdrive2:runs/colab_batch/bomb__brentoil-case3-family-h8-diff-exloss-i48-res-level/scheduler/workers/NHITS/residual/NHITS/corrected_folds.csv,8,3,24.944152637809292,27.192808878481387,-24.944152637809292,0.8055849850943507,1,"[{""horizon_step"": 6, ""y"": 72.72435714, ""pred"": 61.12701500643128, ""ds"": ""2026-02-23""}, {""horizon_step"": 7, ""y"": 86.64365714, ""pred"": 61.526417922862706, ""ds"": ""2026-03-02""}, {""horizon_step"": 8, ""y"": 98.88672857, ""pred"": 60.76885200727814, ""ds"": ""2026-03-09""}]",
bomb/brentoil-case3-family-h8-diff-exloss-i48-res-level.yaml,bomb__brentoil-case3-family-h8-diff-exloss-i48-res-level,brentoil,bomb,i48,level,NHITS,NHITS,12,14.068396313347128,18.832172424082422,0.5579017382626462,-1.9016926009363453,gdrive2:runs/colab_batch/bomb__brentoil-case3-family-h8-diff-exloss-i48-res-level/scheduler/workers/NHITS/cv/NHITS_forecasts.csv,8,3,27.25662915357925,29.499109476668895,-27.25662915357925,0.8739089725616481,0,"[{""horizon_step"": 6, ""y"": 72.72435714, ""pred"": 59.54637838590973, ""ds"": ""2026-02-23 00:00:00""}, {""horizon_step"": 7, ""y"": 86.64365714, ""pred"": 58.84802145946854, ""ds"": ""2026-03-02 00:00:00""}, {""horizon_step"": 8, ""y"": 98.88672857, ""pred"": 58.09045554388398, ""ds"": ""2026-03-09 00:00:00""}]",
bomb/wti-case3-family-h8-diff-exloss-i48-res-level.yaml,bomb__wti-case3-family-h8-diff-exloss-i48-res-level,wti,bomb,i48,level,NHITS_res,NHITS,1,6.920071509334816,10.981367365925104,0.3252981170318478,0.0235712411390868,gdrive2:runs/colab_batch/bomb__wti-case3-family-h8-diff-exloss-i48-res-level/scheduler/workers/NHITS/residual/NHITS/corrected_folds.csv,8,3,13.720525448478483,17.481484128571253,-13.715578997180089,0.5178493424773335,2,"[{""horizon_step"": 6, ""y"": 67.07227143, ""pred"": 67.07969110694759, ""ds"": ""2026-02-23""}, {""horizon_step"": 7, ""y"": 82.27782857, ""pred"": 67.61575240877502, ""ds"": ""2026-03-02""}, {""horizon_step"": 8, ""y"": 94.20584286, ""pred"": 67.71376235273712, ""ds"": ""2026-03-09""}]",
bomb/wti-case3-family-h8-diff-exloss-i48-res-level.yaml,bomb__wti-case3-family-h8-diff-exloss-i48-res-level,wti,bomb,i48,level,NHITS,NHITS,2,7.058584666139259,11.322458674708376,0.3354021739116333,-0.038028337842501,gdrive2:runs/colab_batch/bomb__wti-case3-family-h8-diff-exloss-i48-res-level/scheduler/workers/NHITS/cv/NHITS_forecasts.csv,8,3,14.264738320355837,18.072401499780607,-14.264738320355837,0.5353539301821651,1,"[{""horizon_step"": 6, ""y"": 67.07227143, ""pred"": 66.93580992010467, ""ds"": ""2026-02-23 00:00:00""}, {""horizon_step"": 7, ""y"": 82.27782857, ""pred"": 66.86395401743286, ""ds"": ""2026-03-02 00:00:00""}, {""horizon_step"": 8, ""y"": 94.20584286, ""pred"": 66.96196396139496, ""ds"": ""2026-03-09 00:00:00""}]",
bomb/wti-case3-family-h8-diff-exloss-i48-res-level.yaml,bomb__wti-case3-family-h8-diff-exloss-i48-res-level,wti,bomb,i48,level,LSTM,LSTM,3,6.731324139351024,11.921623693731942,0.3531510794882292,-0.1507965193538585,gdrive2:runs/colab_batch/bomb__wti-case3-family-h8-diff-exloss-i48-res-level/scheduler/workers/LSTM/cv/LSTM_forecasts.csv,8,3,15.351020266569876,19.323698422436102,-15.255178311512097,0.5724207652332014,1,"[{""horizon_step"": 6, ""y"": 67.07227143, ""pred"": 67.21603436258667, ""ds"": ""2026-02-23 00:00:00""}, {""horizon_step"": 7, ""y"": 82.27782857, ""pred"": 65.08353895929687, ""ds"": ""2026-03-02 00:00:00""}, {""horizon_step"": 8, ""y"": 94.20584286, ""pred"": 65.49083460358017, ""ds"": ""2026-03-09 00:00:00""}]",
bomb/wti-case3-family-h8-diff-exloss-i48-res-level.yaml,bomb__wti-case3-family-h8-diff-exloss-i48-res-level,wti,bomb,i48,level,DLinear_res,DLinear,4,6.594871509978464,11.927207675876367,0.3533164923021888,-0.1518748174662569,gdrive2:runs/colab_batch/bomb__wti-case3-family-h8-diff-exloss-i48-res-level/scheduler/workers/DLinear/residual/DLinear/corrected_folds.csv,8,3,15.893247969741845,19.421624616499656,-15.893247969741845,0.5753216067655423,1,"[{""horizon_step"": 6, ""y"": 67.07227143, ""pred"": 65.2634271220588, ""ds"": ""2026-02-23""}, {""horizon_step"": 7, ""y"": 82.27782857, ""pred"": 65.51720165696972, ""ds"": ""2026-03-02""}, {""horizon_step"": 8, ""y"": 94.20584286, ""pred"": 65.09557017174595, ""ds"": ""2026-03-09""}]",
bomb/wti-case3-family-h8-diff-exloss-i48-res-level.yaml,bomb__wti-case3-family-h8-diff-exloss-i48-res-level,wti,bomb,i48,level,LSTM_res,LSTM,5,6.728663379393517,11.950031683527047,0.3539926017942476,-0.15628751071845,gdrive2:runs/colab_batch/bomb__wti-case3-family-h8-diff-exloss-i48-res-level/scheduler/workers/LSTM/residual/LSTM/corrected_folds.csv,8,3,15.380355865962528,19.374467729364103,-15.312241715982779,0.5739246908734579,1,"[{""horizon_step"": 6, ""y"": 67.07227143, ""pred"": 67.17444265496962, ""ds"": ""2026-02-23""}, {""horizon_step"": 7, ""y"": 82.27782857, ""pred"": 65.01639960941904, ""ds"": ""2026-03-02""}, {""horizon_step"": 8, ""y"": 94.20584286, ""pred"": 65.428375447663, ""ds"": ""2026-03-09""}]",
bomb/wti-case3-family-h8-diff-exloss-i48-res-level.yaml,bomb__wti-case3-family-h8-diff-exloss-i48-res-level,wti,bomb,i48,level,DLinear,DLinear,6,6.777346365777692,12.251154165855317,0.3629126727866171,-0.2152950562213011,gdrive2:runs/colab_batch/bomb__wti-case3-family-h8-diff-exloss-i48-res-level/scheduler/workers/DLinear/cv/DLinear_forecasts.csv,8,3,16.32707311118168,19.9488218407325,-16.32707311118168,0.5909386295490173,0,"[{""horizon_step"": 6, ""y"": 67.07227143, ""pred"": 65.2928763279044, ""ds"": ""2026-02-23 00:00:00""}, {""horizon_step"": 7, ""y"": 82.27782857, ""pred"": 64.86941700664394, ""ds"": ""2026-03-02 00:00:00""}, {""horizon_step"": 8, ""y"": 94.20584286, ""pred"": 64.41243019190662, ""ds"": ""2026-03-09 00:00:00""}]",
bomb/wti-case3-family-h8-diff-exloss-i48-res-level.yaml,bomb__wti-case3-family-h8-diff-exloss-i48-res-level,wti,bomb,i48,level,PatchTST_res,PatchTST,7,7.8516122803508015,13.050997806720224,0.3866062276621791,-0.3791615938485606,gdrive2:runs/colab_batch/bomb__wti-case3-family-h8-diff-exloss-i48-res-level/scheduler/workers/PatchTST/residual/PatchTST/corrected_folds.csv,8,3,18.334856479411545,21.161798913149326,-18.334856479411545,0.6268703258953545,2,"[{""horizon_step"": 6, ""y"": 67.07227143, ""pred"": 62.17374924805992, ""ds"": ""2026-02-23""}, {""horizon_step"": 7, ""y"": 82.27782857, ""pred"": 62.888800630839995, ""ds"": ""2026-03-02""}, {""horizon_step"": 8, ""y"": 94.20584286, ""pred"": 63.48882354286545, ""ds"": ""2026-03-09""}]",
bomb/wti-case3-family-h8-diff-exloss-i48-res-level.yaml,bomb__wti-case3-family-h8-diff-exloss-i48-res-level,wti,bomb,i48,level,PatchTST,PatchTST,8,8.192183637020532,13.357518952518152,0.3956862218228253,-0.4447054775457293,gdrive2:runs/colab_batch/bomb__wti-case3-family-h8-diff-exloss-i48-res-level/scheduler/workers/PatchTST/cv/PatchTST_forecasts.csv,8,3,18.796886125251874,21.627328507476054,-18.796886125251874,0.6406605849232954,2,"[{""horizon_step"": 6, ""y"": 67.07227143, ""pred"": 61.87628097322815, ""ds"": ""2026-02-23 00:00:00""}, {""horizon_step"": 7, ""y"": 82.27782857, ""pred"": 62.41541774061554, ""ds"": ""2026-03-02 00:00:00""}, {""horizon_step"": 8, ""y"": 94.20584286, ""pred"": 62.873585770400695, ""ds"": ""2026-03-09 00:00:00""}]",
bomb/wti-case3-family-h8-diff-exloss-i48-res-level.yaml,bomb__wti-case3-family-h8-diff-exloss-i48-res-level,wti,bomb,i48,level,TimeMixer_res,TimeMixer,9,13.866540861276333,17.80722541463815,0.527498689727649,-1.5675578283998024,gdrive2:runs/colab_batch/bomb__wti-case3-family-h8-diff-exloss-i48-res-level/scheduler/workers/TimeMixer/residual/TimeMixer/corrected_folds.csv,8,3,25.09312275950633,27.371665783262436,-25.09312275950633,0.8108235561765339,1,"[{""horizon_step"": 6, ""y"": 67.07227143, ""pred"": 56.114206204684905, ""ds"": ""2026-02-23""}, {""horizon_step"": 7, ""y"": 82.27782857, ""pred"": 55.545346925529174, ""ds"": ""2026-03-02""}, {""horizon_step"": 8, ""y"": 94.20584286, ""pred"": 56.617021451266936, ""ds"": ""2026-03-09""}]",
bomb/wti-case3-family-h8-diff-exloss-i48-res-level.yaml,bomb__wti-case3-family-h8-diff-exloss-i48-res-level,wti,bomb,i48,level,TimeMixer,TimeMixer,10,14.319727831480447,18.36830399176897,0.5441193707927331,-1.7319065399641156,gdrive2:runs/colab_batch/bomb__wti-case3-family-h8-diff-exloss-i48-res-level/scheduler/workers/TimeMixer/cv/TimeMixer_forecasts.csv,8,3,25.861531673913422,28.2314667728342,-25.861531673913422,0.8362932116037524,1,"[{""horizon_step"": 6, ""y"": 67.07227143, ""pred"": 55.828471312793425, ""ds"": ""2026-02-23 00:00:00""}, {""horizon_step"": 7, ""y"": 82.27782857, ""pred"": 54.76753593471878, ""ds"": ""2026-03-02 00:00:00""}, {""horizon_step"": 8, ""y"": 94.20584286, ""pred"": 55.37534059074753, ""ds"": ""2026-03-09 00:00:00""}]",
bomb/wti-case3-family-h8-diff-exloss-i48-res-level.yaml,bomb__wti-case3-family-h8-diff-exloss-i48-res-level,wti,bomb,i48,level,iTransformer,iTransformer,11,,,,1.0,gdrive2:runs/colab_batch/bomb__wti-case3-family-h8-diff-exloss-i48-res-level/scheduler/workers/iTransformer/cv/iTransformer_forecasts.csv,0,0,nan,nan,nan,nan,0,[],
bomb/wti-case3-family-h8-diff-exloss-i48-res-level.yaml,bomb__wti-case3-family-h8-diff-exloss-i48-res-level,wti,bomb,i48,level,iTransformer_res,iTransformer,12,,,,1.0,gdrive2:runs/colab_batch/bomb__wti-case3-family-h8-diff-exloss-i48-res-level/scheduler/workers/iTransformer/residual/iTransformer/corrected_folds.csv,0,0,nan,nan,nan,nan,0,[],
bomb/brentoil-case3-family-h8-diff-exloss-i48.yaml,bomb__brentoil-case3-family-h8-diff-exloss-i48,brentoil,bomb,i48,none,TimeMixer,TimeMixer,1,6.726414435312938,11.20865388359535,0.3320555560146371,-0.0279156444173869,gdrive2:runs/colab_batch/bomb__brentoil-case3-family-h8-diff-exloss-i48/scheduler/workers/TimeMixer/cv/TimeMixer_forecasts.csv,8,3,14.576666200647528,18.082807159136337,-14.576666200647528,0.5357018467954013,1,"[{""horizon_step"": 6, ""y"": 72.72435714, ""pred"": 71.28088165510529, ""ds"": ""2026-02-23 00:00:00""}, {""horizon_step"": 7, ""y"": 86.64365714, ""pred"": 72.01211978186005, ""ds"": ""2026-03-02 00:00:00""}, {""horizon_step"": 8, ""y"": 98.88672857, ""pred"": 71.23174281109208, ""ds"": ""2026-03-09 00:00:00""}]",
bomb/brentoil-case3-family-h8-diff-exloss-i48.yaml,bomb__brentoil-case3-family-h8-diff-exloss-i48,brentoil,bomb,i48,none,DLinear,DLinear,2,8.869104476367143,13.7806625393124,0.4082511253593686,-0.5537843911222107,gdrive2:runs/colab_batch/bomb__brentoil-case3-family-h8-diff-exloss-i48/scheduler/workers/DLinear/cv/DLinear_forecasts.csv,8,3,19.282469992329453,22.166272192135317,-19.282469992329453,0.6566742013779007,0,"[{""horizon_step"": 6, ""y"": 72.72435714, ""pred"": 67.13997022498482, ""ds"": ""2026-02-23 00:00:00""}, {""horizon_step"": 7, ""y"": 86.64365714, ""pred"": 66.72236708987587, ""ds"": ""2026-03-02 00:00:00""}, {""horizon_step"": 8, ""y"": 98.88672857, ""pred"": 66.54499555815094, ""ds"": ""2026-03-09 00:00:00""}]",
bomb/brentoil-case3-family-h8-diff-exloss-i48.yaml,bomb__brentoil-case3-family-h8-diff-exloss-i48,brentoil,bomb,i48,none,PatchTST,PatchTST,3,9.310372255768998,15.810653846835235,0.4683894701887084,-1.0452679816093515,gdrive2:runs/colab_batch/bomb__brentoil-case3-family-h8-diff-exloss-i48/scheduler/workers/PatchTST/cv/PatchTST_forecasts.csv,8,3,22.718299577126675,25.728585408824554,-22.718299577126675,0.7622074713093838,0,"[{""horizon_step"": 6, ""y"": 72.72435714, ""pred"": 65.4708196787917, ""ds"": ""2026-02-23 00:00:00""}, {""horizon_step"": 7, ""y"": 86.64365714, ""pred"": 62.469066586979565, ""ds"": ""2026-03-02 00:00:00""}, {""horizon_step"": 8, ""y"": 98.88672857, ""pred"": 62.159957852848706, ""ds"": ""2026-03-09 00:00:00""}]",
bomb/brentoil-case3-family-h8-diff-exloss-i48.yaml,bomb__brentoil-case3-family-h8-diff-exloss-i48,brentoil,bomb,i48,none,LSTM,LSTM,4,10.923348709662465,16.264426280116464,0.4818324455184971,-1.1643528051633254,gdrive2:runs/colab_batch/bomb__brentoil-case3-family-h8-diff-exloss-i48/scheduler/workers/LSTM/cv/LSTM_forecasts.csv,8,3,23.35079810469327,25.95600112129985,-23.35079810469327,0.7689446452498665,0,"[{""horizon_step"": 6, ""y"": 72.72435714, ""pred"": 63.47060517657631, ""ds"": ""2026-02-23 00:00:00""}, {""horizon_step"": 7, ""y"": 86.64365714, ""pred"": 62.850113791116414, ""ds"": ""2026-03-02 00:00:00""}, {""horizon_step"": 8, ""y"": 98.88672857, ""pred"": 61.88162956822747, ""ds"": ""2026-03-09 00:00:00""}]",
bomb/brentoil-case3-family-h8-diff-exloss-i48.yaml,bomb__brentoil-case3-family-h8-diff-exloss-i48,brentoil,bomb,i48,none,iTransformer,iTransformer,5,12.217878365189042,16.862859922304832,0.4995609986398986,-1.326553391103166,gdrive2:runs/colab_batch/bomb__brentoil-case3-family-h8-diff-exloss-i48/scheduler/workers/iTransformer/cv/iTransformer_forecasts.csv,8,3,24.29833700457193,26.642461718075374,-24.29833700457193,0.7892809904980722,0,"[{""horizon_step"": 6, ""y"": 72.72435714, ""pred"": 62.102120225020585, ""ds"": ""2026-02-23 00:00:00""}, {""horizon_step"": 7, ""y"": 86.64365714, ""pred"": 61.739492212125, ""ds"": ""2026-03-02 00:00:00""}, {""horizon_step"": 8, ""y"": 98.88672857, ""pred"": 61.51811939913863, ""ds"": ""2026-03-09 00:00:00""}]",
bomb/brentoil-case3-family-h8-diff-exloss-i48.yaml,bomb__brentoil-case3-family-h8-diff-exloss-i48,brentoil,bomb,i48,none,NHITS,NHITS,6,14.068396313347128,18.832172424082422,0.5579017382626462,-1.9016926009363453,gdrive2:runs/colab_batch/bomb__brentoil-case3-family-h8-diff-exloss-i48/scheduler/workers/NHITS/cv/NHITS_forecasts.csv,8,3,27.25662915357925,29.499109476668895,-27.25662915357925,0.8739089725616481,0,"[{""horizon_step"": 6, ""y"": 72.72435714, ""pred"": 59.54637838590973, ""ds"": ""2026-02-23 00:00:00""}, {""horizon_step"": 7, ""y"": 86.64365714, ""pred"": 58.84802145946854, ""ds"": ""2026-03-02 00:00:00""}, {""horizon_step"": 8, ""y"": 98.88672857, ""pred"": 58.09045554388398, ""ds"": ""2026-03-09 00:00:00""}]",
bomb/wti-case3-family-h8-diff-exloss-i48.yaml,bomb__wti-case3-family-h8-diff-exloss-i48,wti,bomb,i48,none,NHITS,NHITS,1,7.058584666139259,11.322458674708376,0.3354021739116333,-0.038028337842501,gdrive2:runs/colab_batch/bomb__wti-case3-family-h8-diff-exloss-i48/scheduler/workers/NHITS/cv/NHITS_forecasts.csv,8,3,14.264738320355837,18.072401499780607,-14.264738320355837,0.5353539301821651,1,"[{""horizon_step"": 6, ""y"": 67.07227143, ""pred"": 66.93580992010467, ""ds"": ""2026-02-23 00:00:00""}, {""horizon_step"": 7, ""y"": 82.27782857, ""pred"": 66.86395401743286, ""ds"": ""2026-03-02 00:00:00""}, {""horizon_step"": 8, ""y"": 94.20584286, ""pred"": 66.96196396139496, ""ds"": ""2026-03-09 00:00:00""}]",
bomb/wti-case3-family-h8-diff-exloss-i48.yaml,bomb__wti-case3-family-h8-diff-exloss-i48,wti,bomb,i48,none,LSTM,LSTM,2,6.731324139351024,11.921623693731942,0.3531510794882292,-0.1507965193538585,gdrive2:runs/colab_batch/bomb__wti-case3-family-h8-diff-exloss-i48/scheduler/workers/LSTM/cv/LSTM_forecasts.csv,8,3,15.351020266569876,19.323698422436102,-15.255178311512097,0.5724207652332014,1,"[{""horizon_step"": 6, ""y"": 67.07227143, ""pred"": 67.21603436258667, ""ds"": ""2026-02-23 00:00:00""}, {""horizon_step"": 7, ""y"": 82.27782857, ""pred"": 65.08353895929687, ""ds"": ""2026-03-02 00:00:00""}, {""horizon_step"": 8, ""y"": 94.20584286, ""pred"": 65.49083460358017, ""ds"": ""2026-03-09 00:00:00""}]",
bomb/wti-case3-family-h8-diff-exloss-i48.yaml,bomb__wti-case3-family-h8-diff-exloss-i48,wti,bomb,i48,none,DLinear,DLinear,3,6.777346365777692,12.251154165855317,0.3629126727866171,-0.2152950562213011,gdrive2:runs/colab_batch/bomb__wti-case3-family-h8-diff-exloss-i48/scheduler/workers/DLinear/cv/DLinear_forecasts.csv,8,3,16.32707311118168,19.9488218407325,-16.32707311118168,0.5909386295490173,0,"[{""horizon_step"": 6, ""y"": 67.07227143, ""pred"": 65.2928763279044, ""ds"": ""2026-02-23 00:00:00""}, {""horizon_step"": 7, ""y"": 82.27782857, ""pred"": 64.86941700664394, ""ds"": ""2026-03-02 00:00:00""}, {""horizon_step"": 8, ""y"": 94.20584286, ""pred"": 64.41243019190662, ""ds"": ""2026-03-09 00:00:00""}]",
bomb/wti-case3-family-h8-diff-exloss-i48.yaml,bomb__wti-case3-family-h8-diff-exloss-i48,wti,bomb,i48,none,PatchTST,PatchTST,4,8.192183637020532,13.357518952518152,0.3956862218228253,-0.4447054775457293,gdrive2:runs/colab_batch/bomb__wti-case3-family-h8-diff-exloss-i48/scheduler/workers/PatchTST/cv/PatchTST_forecasts.csv,8,3,18.796886125251874,21.627328507476054,-18.796886125251874,0.6406605849232954,2,"[{""horizon_step"": 6, ""y"": 67.07227143, ""pred"": 61.87628097322815, ""ds"": ""2026-02-23 00:00:00""}, {""horizon_step"": 7, ""y"": 82.27782857, ""pred"": 62.41541774061554, ""ds"": ""2026-03-02 00:00:00""}, {""horizon_step"": 8, ""y"": 94.20584286, ""pred"": 62.873585770400695, ""ds"": ""2026-03-09 00:00:00""}]",
bomb/wti-case3-family-h8-diff-exloss-i48.yaml,bomb__wti-case3-family-h8-diff-exloss-i48,wti,bomb,i48,none,TimeMixer,TimeMixer,5,14.385376335082,18.435999331004915,0.5461246917743092,-1.7520802182839796,gdrive2:runs/colab_batch/bomb__wti-case3-family-h8-diff-exloss-i48/scheduler/workers/TimeMixer/cv/TimeMixer_forecasts.csv,8,3,25.962193478192116,28.32579829091444,-25.962193478192116,0.8390875690080476,1,"[{""horizon_step"": 6, ""y"": 67.07227143, ""pred"": 55.73722181704872, ""ds"": ""2026-02-23 00:00:00""}, {""horizon_step"": 7, ""y"": 82.27782857, ""pred"": 54.6596275368058, ""ds"": ""2026-03-02 00:00:00""}, {""horizon_step"": 8, ""y"": 94.20584286, ""pred"": 55.272513071569136, ""ds"": ""2026-03-09 00:00:00""}]",
bomb/wti-case3-family-h8-diff-exloss-i48.yaml,bomb__wti-case3-family-h8-diff-exloss-i48,wti,bomb,i48,none,iTransformer,iTransformer,6,,,,1.0,gdrive2:runs/colab_batch/bomb__wti-case3-family-h8-diff-exloss-i48/scheduler/workers/iTransformer/cv/iTransformer_forecasts.csv,0,0,nan,nan,nan,nan,0,[],
